tree
version=v4
num_class=1
num_tree_per_iteration=1
label_index=0
max_feature_idx=23
objective=binary sigmoid:1
feature_names=Column_0 Column_1 Column_2 Column_3 Column_4 Column_5 Column_6 Column_7 Column_8 Column_9 Column_10 Column_11 Column_12 Column_13 Column_14 Column_15 Column_16 Column_17 Column_18 Column_19 Column_20 Column_21 Column_22 Column_23
feature_infos=[16:107] [4:58] [0:59] [0:11] none [0:13] [7:86] [4:16] [0:4] none [1:6] [2:5] [0:1] [0:1] none [0:1] [3.1084999999999998:4.9644000000000004] [0:1] [0:1] [0:5] [0:1] none [0:9] [0:0.80000000000000004]
tree_sizes=704 1296 1086 1081 1401 980 1081 1084 1089 983 1086 984 874 983 979 882 986 1190 983 1086 1084 985 983 1094 1091 2041 1300 1936 1506 1828 1933 2040 2676 1830 2473 2256 2470 2473 2257 2362 1944 2050 2262 2044 1940 1942 2271 2480 2381 1948 2271 2054 2160 2602 1954 2179 2064 1965 2072 2283 2497 2184 2187 1861 1968 1872 1983 2627 2307 1979 1872 1978 1773 1875 1554 1771 1667 1993 1772 1559 2329 1560 1340 1565 2675 1564 1675 1786 1233 2235 2012 1796 1571 1686 2014 1800 1907 1581 1581 1250 1696 1803 1360 1472 1477 1478 1139 1033 1374 1374 1373 1151 1373 1039 1041 917 915 1022 917 1027

Tree=0
num_leaves=6
num_cat=0
split_feature=17 5 0 16 0
split_gain=2226.51 157.547 0.222706 1.07698 0.10952
threshold=1.0000000180025095e-35 1.0000000180025095e-35 54.000000000000007 4.1098500000000007 22.500000000000004
decision_type=2 2 2 2 2
left_child=1 -1 3 4 -3
right_child=-2 2 -4 -5 -6
leaf_value=-0.20000000000000001 -0.20000000000000001 0.20000000000000001 0.20000000000000001 0.15555555555555556 0.18709677419354839
leaf_weight=10.249999999999998 288.75 43.5 243 6.7499999999999991 7.7499999999999991
leaf_count=41 1155 174 972 27 31
internal_value=0 0.185542 0.198671 0.193103 0.198049
internal_weight=600 311.25 301 58 51.25
internal_count=2400 1245 1204 232 205
is_linear=0
shrinkage=0.1


Tree=1
num_leaves=11
num_cat=0
split_feature=17 5 0 16 0 0 0 0 0 0
split_gain=1822.8 128.973 0.189078 0.909833 0.0931514 2.27374e-13 1.13687e-13 2.84217e-14 2.84217e-14 7.10543e-15
threshold=1.0000000180025095e-35 1.0000000180025095e-35 54.000000000000007 4.1098500000000007 22.500000000000004 98.500000000000014 38.500000000000007 18.500000000000004 41.500000000000007 101.50000000000001
decision_type=2 2 2 2 2 2 2 2 2 2
left_child=1 -1 3 4 7 -4 -2 -3 -8 -7
right_child=6 2 5 -5 -6 9 8 -9 -10 -11
leaf_value=-0.18187308119005771 -0.18187308119005771 0.18187308119005771 0.18187308119005771 0.14088010070654008 0.16991987173401046 0.18187308119005771 -0.18187308119005771 0.18187308119005771 -0.18187308119005771 0.18187308119005771
leaf_weight=10.148179471492766 224.25001466274261 32.919704139232635 225.98263067007065 6.7093307375907889 7.6825712025165549 5.1978480219840995 45.295532763004303 10.148179471492766 16.336093783378601 9.4056297540664655
leaf_count=41 906 133 913 27 31 21 183 41 66 38
internal_value=-3.32249e-07 0.168705 0.180642 0.175488 0.180064 0.181873 -0.181873 0.181873 -0.181873 0.181873
internal_weight=594.076 308.194 298.046 57.4598 50.7505 240.586 285.882 43.0679 61.6316 14.6035
internal_count=2400 1245 1204 232 205 972 1155 174 249 59
is_linear=0
shrinkage=0.1


Tree=2
num_leaves=9
num_cat=0
split_feature=17 5 0 16 0 0 6 0
split_gain=1519.44 107.491 0.173206 0.822724 0.0857063 1.13687e-13 1.13687e-13 7.10543e-15
threshold=1.0000000180025095e-35 1.0000000180025095e-35 54.000000000000007 4.1098500000000007 22.500000000000004 98.500000000000014 30.500000000000004 103.50000000000001
decision_type=2 2 2 2 2 2 2 2
left_child=1 -1 3 4 -3 -4 -2 -7
right_child=6 2 5 -5 -6 7 -8 -9
leaf_value=-0.16825816740612271 -0.16825816740612271 0.16825816740612271 0.16825816740612271 0.12891834535625069 0.15665730761582378 0.16825816740612273 -0.16825816740612271 0.16825816740612268
leaf_weight=9.8852160125970823 233.62864185869694 41.951892346143723 220.12688340246677 6.6038575619459143 7.5081977546215048 7.9563933759927732 44.845126301050186 6.2686735689640045
leaf_count=41 969 174 913 27 31 33 186 26
internal_value=-1.38841e-06 0.156026 0.167064 0.162071 0.166497 0.168258 -0.168258 0.168258
internal_weight=578.775 300.301 290.416 56.0639 49.4601 234.352 278.474 14.2251
internal_count=2400 1245 1204 232 205 972 1155 59
is_linear=0
shrinkage=0.1


Tree=3
num_leaves=9
num_cat=0
split_feature=17 5 0 16 0 0 16 0
split_gain=1283.82 90.8007 0.167341 0.780001 0.0832517 1.13687e-13 1.42109e-14 7.10543e-15
threshold=1.0000000180025095e-35 1.0000000180025095e-35 54.000000000000007 4.1098500000000007 22.500000000000004 97.500000000000014 3.4673500000000002 101.50000000000001
decision_type=2 2 2 2 2 2 2 2
left_child=1 -1 3 4 6 -4 -3 -7
right_child=-2 2 5 -5 -6 7 -8 -9
leaf_value=-0.15768741416156917 -0.15768741416156917 0.15768741416156917 0.15768741416156917 0.11886860925283081 0.14605607471740498 0.15768741416156917 0.15768741416156917 0.15768741416156917
leaf_weight=9.5119783431291562 267.95938991010189 12.991970419883726 209.95952196419239 6.4536632448434821 7.260439306497573 6.7279846817255011 27.375937670469284 8.8159799277782422
leaf_count=41 1155 56 905 27 31 29 118 38
internal_value=-2.87331e-06 0.146152 0.156489 0.151494 0.155914 0.157687 0.157687 0.157687
internal_weight=557.057 289.097 279.585 54.082 47.6283 225.503 40.3679 15.544
internal_count=2400 1245 1204 232 205 972 174 67
is_linear=0
shrinkage=0.1


Tree=4
num_leaves=12
num_cat=0
split_feature=17 5 0 16 0 16 0 0 16 16 0
split_gain=1096.18 77.5057 0.167844 0.764155 0.0839509 1.13687e-13 5.68434e-14 5.68434e-14 1.42109e-14 1.42109e-14 7.10543e-15
threshold=1.0000000180025095e-35 1.0000000180025095e-35 54.000000000000007 4.1098500000000007 22.500000000000004 4.1219500000000009 100.50000000000001 91.500000000000014 3.5655000000000006 4.1438000000000015 95.500000000000014
decision_type=2 2 2 2 2 2 2 2 2 2 2
left_child=1 -1 3 4 8 -2 7 -4 -3 -7 -9
right_child=5 2 6 -5 -6 9 -8 10 -10 -11 -12
leaf_value=-0.14927178044610043 -0.14927178044610043 0.14927178044610043 0.14927178044610043 0.1102119231995858 0.13734017706647197 -0.14927178044610043 0.14927178044610043 0.1492717804461004 0.14927178044610043 -0.14927178044610043 0.14927178044610043
leaf_weight=9.0662291347980482 199.01478588581085 21.449371367692947 181.76683777570724 6.2738742381334296 6.9643189311027518 21.670498907566071 9.7296117544174177 12.162014693021776 17.026820570230484 34.717023760080338 11.27750453352928
leaf_count=41 900 97 822 27 31 98 44 55 77 157 51
internal_value=-4.64781e-06 0.138265 0.148041 0.142926 0.147443 -0.149272 0.149272 0.149272 0.149272 -0.149272 0.149272
internal_weight=531.119 275.717 266.65 51.7144 45.4405 255.402 214.936 205.206 38.4762 56.3875 23.4395
internal_count=2400 1245 1204 232 205 1155 972 928 174 255 106
is_linear=0
shrinkage=0.1


Tree=5
num_leaves=8
num_cat=0
split_feature=17 5 0 16 0 0 0
split_gain=943.816 66.7074 0.172852 0.765687 0.086862 5.68434e-14 5.68434e-14
threshold=1.0000000180025095e-35 1.0000000180025095e-35 54.000000000000007 4.1098500000000007 22.500000000000004 38.500000000000007 99.500000000000014
decision_type=2 2 2 2 2 2 2
left_child=1 -1 3 4 -3 -2 -4
right_child=5 2 6 -5 -6 -7 -8
leaf_value=-0.14243950394247973 -0.14243950394247973 0.14243950394247973 0.14243950394247973 0.10259814001147272 0.13000126065311421 -0.14243950394247973 0.14243950394247973
leaf_weight=8.5761678963899595 189.51239302754402 36.396419852972031 192.44084060192108 6.0758946239948264 6.6385741382837287 52.084531858563423 10.877090990543364
leaf_count=41 906 174 920 27 31 249 52
internal_value=-6.64429e-06 0.131835 0.141153 0.135829 0.140521 -0.14244 0.14244
internal_weight=502.602 261.005 252.429 49.1109 43.035 241.597 203.318
internal_count=2400 1245 1204 232 205 1155 972
is_linear=0
shrinkage=0.1


Tree=6
num_leaves=9
num_cat=0
split_feature=17 5 0 16 0 0 6 0
split_gain=818.146 57.7996 0.181354 0.778983 0.0914676 5.68434e-14 5.68434e-14 1.42109e-14
threshold=1.0000000180025095e-35 1.0000000180025095e-35 54.000000000000007 4.1098500000000007 22.500000000000004 41.500000000000007 30.500000000000004 16.500000000000004
decision_type=2 2 2 2 2 2 2 2
left_child=1 -1 3 4 7 6 -2 -3
right_child=5 2 -4 -5 -6 -7 -8 -9
leaf_value=-0.1368052435697113 -0.1368052435697113 0.1368052435697113 0.1368052435697113 0.095783429986828761 0.12369106620161985 -0.1368052435697113 -0.1368052435697113 0.1368052435697113
leaf_weight=8.0628399401903135 188.19848348200321 9.4394223690032941 191.14830297231674 5.868293657898902 6.297218218445777 12.97920575737953 25.958411514759064 24.778483718633652
leaf_count=41 957 48 972 27 31 66 132 126
internal_value=-8.83022e-06 0.126506 0.135444 0.129835 0.134767 -0.136805 -0.136805 0.136805
internal_weight=472.731 245.595 237.532 46.3834 40.5151 227.136 214.157 34.2179
internal_count=2400 1245 1204 232 205 1155 1089 174
is_linear=0
shrinkage=0.1


Tree=7
num_leaves=9
num_cat=0
split_feature=17 5 0 16 0 0 0 16
split_gain=713.168 50.3574 0.192781 0.800449 0.097466 5.68434e-14 5.68434e-14 7.10543e-15
threshold=1.0000000180025095e-35 1.0000000180025095e-35 54.000000000000007 4.1098500000000007 22.500000000000004 41.500000000000007 98.500000000000014 3.3915000000000006
decision_type=2 2 2 2 2 2 2 2
left_child=1 -1 3 4 7 -2 -4 -3
right_child=5 2 6 -5 -6 -7 -8 -9
leaf_value=-0.13209932398403795 -0.13209932398403795 0.13209932398403795 0.13209932398403795 0.089593990977429788 0.11816226419126441 -0.13209932398403795 0.13209932398403795 0.13209932398403795
leaf_weight=7.5418616980314246 200.3192046135664 5.3344875425100318 167.9443836659193 5.6574623733758918 5.950664594769477 12.140557855367659 10.852922931313513 26.672437712550163
leaf_count=41 1089 29 913 27 31 66 59 145
internal_value=-1.11901e-05 0.122028 0.130645 0.124684 0.129914 -0.132099 0.132099 0.132099
internal_weight=442.414 229.954 222.412 43.6151 37.9576 212.46 178.797 32.0069
internal_count=2400 1245 1204 232 205 1155 972 174
is_linear=0
shrinkage=0.1


Tree=8
num_leaves=9
num_cat=0
split_feature=17 5 0 16 0 0 0 16
split_gain=624.549 44.0743 0.206812 0.827613 0.104674 5.68434e-14 5.68434e-14 5.68434e-14
threshold=1.0000000180025095e-35 1.0000000180025095e-35 54.000000000000007 4.1098500000000007 22.500000000000004 40.500000000000007 70.500000000000014 3.6428000000000007
decision_type=2 2 2 2 2 2 2 2
left_child=1 -1 3 4 -3 7 -4 -2
right_child=5 2 6 -5 -6 -7 -8 -9
leaf_value=-0.12812716232731389 -0.12812716232731389 0.12812716232731389 0.12812716232731389 0.083903797008565789 0.1132338546581198 -0.12812716232731389 0.12812716232731389 -0.12812716232731389
leaf_weight=7.0246927142143241 18.675402581691742 29.812110543251038 8.0526965260505659 5.4481108635663977 5.6065661609172812 16.448060989379883 158.48392099142075 162.76727020740509
leaf_count=41 109 174 47 27 31 96 925 950
internal_value=-1.37187e-05 0.118219 0.126563 0.120188 0.12577 -0.128127 0.128127 -0.128127
internal_weight=412.319 214.428 207.403 40.8668 35.4187 197.891 166.537 181.443
internal_count=2400 1245 1204 232 205 1155 972 1059
is_linear=0
shrinkage=0.1


Tree=9
num_leaves=8
num_cat=0
split_feature=17 5 0 16 0 0 2
split_gain=549.078 38.7229 0.223269 0.858649 0.112975 5.68434e-14 3.55271e-15
threshold=1.0000000180025095e-35 1.0000000180025095e-35 54.000000000000007 4.1098500000000007 22.500000000000004 41.500000000000007 14.500000000000002
decision_type=2 2 2 2 2 2 2
left_child=1 -1 3 4 -3 -2 -7
right_child=5 2 -4 -5 -6 6 -8
leaf_value=-0.12474463502320948 -0.12474463502320948 0.12474463502320948 0.12474463502320948 0.078620481885752186 0.10877006377487806 -0.12474463502320948 -0.12474463502320943
leaf_weight=6.5196021646261206 173.16699407994747 27.668555527925491 154.56227570772171 5.2436500936746588 5.2704509049653998 6.0425581037998182 4.4524112343788147
leaf_count=41 1089 174 972 27 31 38 28
internal_value=-1.64154e-05 0.114945 0.123053 0.116205 0.122189 -0.124745 -0.124745
internal_weight=382.926 199.265 192.745 38.1827 32.939 183.662 10.495
internal_count=2400 1245 1204 232 205 1155 66
is_linear=0
shrinkage=0.1


Tree=10
num_leaves=9
num_cat=0
split_feature=17 5 0 16 0 0 0 0
split_gain=484.325 34.1312 0.242061 0.89212 0.122289 2.84217e-14 2.84217e-14 2.84217e-14
threshold=1.0000000180025095e-35 1.0000000180025095e-35 54.000000000000007 4.1098500000000007 22.500000000000004 40.500000000000007 101.50000000000001 74.500000000000014
decision_type=2 2 2 2 2 2 2 2
left_child=1 -1 3 4 -3 -2 7 -4
right_child=5 2 6 -5 -6 -7 -8 -9
leaf_value=-0.12184263134723478 -0.12184263134723478 0.12184263134723478 0.12184263134723478 0.073675942430491748 0.1046669140608221 -0.12184263134723478 0.12184263134723478 0.12184263134723478
leaf_weight=6.0324032157659522 155.81256110966206 25.600930720567707 30.162016078829765 5.046484798192977 4.9462101757526389 14.124651432037352 5.5910078585147849 107.25907181203365
leaf_count=41 1059 174 205 27 31 96 38 729
internal_value=-1.92826e-05 0.112104 0.120006 0.112627 0.119062 -0.121843 0.121843 0.121843
internal_weight=354.575 184.638 178.606 35.5936 30.5471 169.937 143.012 137.421
internal_count=2400 1245 1204 232 205 1155 972 934
is_linear=0
shrinkage=0.1


Tree=11
num_leaves=8
num_cat=0
split_feature=17 5 0 16 0 0 6
split_gain=428.413 30.1663 0.263154 0.926837 0.13256 2.84217e-14 2.84217e-14
threshold=1.0000000180025095e-35 1.0000000180025095e-35 54.000000000000007 4.1098500000000007 22.500000000000004 40.500000000000007 28.500000000000004
decision_type=2 2 2 2 2 2 2
left_child=1 -1 3 4 -3 6 -2
right_child=5 2 -4 -5 -6 -7 -8
leaf_value=-0.11933702300158547 -0.11933702300158547 0.11933702300158547 0.11933702300158547 0.069019925286398567 0.10084341406922025 -0.11933702300158547 -0.11933702300158547
leaf_weight=5.5670224279165259 112.15513476729393 23.625900059938434 131.97916585206985 4.8582464307546607 4.6364788562059394 13.034979343414305 31.63698111474514
leaf_count=41 826 174 972 27 31 96 233
internal_value=-2.23243e-05 0.109617 0.117337 0.109367 0.116303 -0.119337 -0.119337
internal_weight=327.494 170.667 165.1 33.1206 28.2624 156.827 143.792
internal_count=2400 1245 1204 232 205 1155 1059
is_linear=0
shrinkage=0.1


Tree=12
num_leaves=7
num_cat=0
split_feature=17 5 0 16 0 0
split_gain=379.873 26.7239 0.286545 0.961773 0.143739 2.84217e-14
threshold=1.0000000180025095e-35 1.0000000180025095e-35 54.000000000000007 4.1098500000000007 22.500000000000004 102.50000000000001
decision_type=2 2 2 2 2 2
left_child=1 -1 3 4 -3 -4
right_child=-2 2 5 -5 -6 -7
leaf_value=-0.11716177659130814 -0.11716177659130814 0.11716177659130809 0.11716177659130814 0.06461550165046652 0.09723572970789901 0.11716177659130814
leaf_weight=5.1259463578462592 144.40165959298611 21.75401625037194 117.6467200666666 4.6799713969230643 4.3429268449544898 3.8757155388593665
leaf_count=41 1155 174 941 27 31 31
internal_value=-2.55443e-05 0.10742 0.114979 0.10636 0.113846 0.117162
internal_weight=301.827 157.425 152.299 30.7769 26.0969 121.522
internal_count=2400 1245 1204 232 205 972
is_linear=0
shrinkage=0.1


Tree=13
num_leaves=8
num_cat=0
split_feature=17 5 0 16 0 0 0
split_gain=337.532 23.7212 0.312253 0.996016 0.155784 2.84217e-14 3.55271e-15
threshold=1.0000000180025095e-35 1.0000000180025095e-35 54.000000000000007 4.1098500000000007 22.500000000000004 25.500000000000004 16.500000000000004
decision_type=2 2 2 2 2 2 2
left_child=1 -1 3 4 6 -2 -3
right_child=5 2 -4 -5 -6 -7 -8
leaf_value=-0.11526438995110283 -0.11526438995110283 0.11526438995110261 0.11526438995110283 0.060435688897924215 0.093793053071953611 -0.11526438995110283 0.11526438995110283
leaf_weight=4.7105643004178992 34.237760037183762 5.5148069858551123 111.67484146356583 4.5122426748275748 4.066493719816207 98.462283059954643 14.476368337869642
leaf_count=41 298 48 972 27 31 857 126
internal_value=-2.89473e-05 0.105464 0.112878 0.103549 0.111635 -0.115264 0.115264
internal_weight=277.655 144.955 140.245 28.5699 24.0577 132.7 19.9912
internal_count=2400 1245 1204 232 205 1155 174
is_linear=0
shrinkage=0.1


Tree=14
num_leaves=8
num_cat=0
split_feature=17 5 0 16 0 0 2
split_gain=300.448 21.0913 0.340305 1.02875 0.16865 2.84217e-14 2.84217e-14
threshold=1.0000000180025095e-35 1.0000000180025095e-35 54.000000000000007 4.1098500000000007 22.500000000000004 102.50000000000001 40.500000000000007
decision_type=2 2 2 2 2 2 2
left_child=1 -1 3 4 -3 6 -4
right_child=-2 2 5 -5 -6 -7 -8
leaf_value=-0.11360256224201973 -0.11360256224201973 0.11360256224201969 0.11360256224201973 0.056461055465005155 0.090474838021515569 0.11360256224201973 0.11360256224201973
leaf_weight=4.3214380219578734 121.73807110637426 18.339761361479766 64.821570329368114 4.3552996516227713 3.8075638115406027 3.2674287483096114 34.360702320933342
leaf_count=41 1155 174 615 27 31 31 326
internal_value=-3.25367e-05 0.103707 0.11099 0.10089 0.109626 0.113603 0.113603
internal_weight=255.012 133.274 128.952 26.5026 22.1473 102.45 99.1823
internal_count=2400 1245 1204 232 205 972 941
is_linear=0
shrinkage=0.1


Tree=15
num_leaves=7
num_cat=0
split_feature=17 5 0 16 0 0
split_gain=267.852 18.7797 0.370732 1.05922 0.182286 2.84217e-14
threshold=1.0000000180025095e-35 1.0000000180025095e-35 54.000000000000007 4.1098500000000007 22.500000000000004 36.500000000000007
decision_type=2 2 2 2 2 2
left_child=1 -1 3 4 -3 -2
right_child=5 2 -4 -5 -6 -7
leaf_value=-0.11214181150601801 -0.11214181150601801 0.11214181150601797 0.11214181150601801 0.052677738564373057 0.087248686460711433 -0.11214181150601801
leaf_weight=3.9585158973932257 74.825605377554893 16.799555271863944 93.845791518688202 4.209127038717269 3.5661121755838385 36.688683927059174
leaf_count=41 775 174 972 27 31 380
internal_value=-3.63158e-05 0.102116 0.109279 0.0983446 0.107783 -0.112142
internal_weight=233.893 122.379 118.421 24.5748 20.3657 111.514
internal_count=2400 1245 1204 232 205 1155
is_linear=0
shrinkage=0.1


Tree=16
num_leaves=8
num_cat=0
split_feature=17 5 0 16 0 0 0
split_gain=239.111 16.7415 0.403557 1.08676 0.196634 1.42109e-14 1.42109e-14
threshold=1.0000000180025095e-35 1.0000000180025095e-35 54.000000000000007 4.1098500000000007 22.500000000000004 39.500000000000007 103.50000000000001
decision_type=2 2 2 2 2 2 2
left_child=1 -1 3 4 -3 -2 -4
right_child=5 2 6 -5 -6 -7 -8
leaf_value=-0.11085378572722815 -0.11085378572722815 0.11085378572722811 0.11085378572722815 0.049076002326039786 0.084089012325319235 -0.11085378572722815 0.11085378572722815
leaf_weight=3.6212954223155966 89.295845657587051 15.368424475193029 83.554767549037933 4.0735208541154853 3.3418110683560363 12.718696117401121 2.2964312434196463
leaf_count=41 1011 174 946 27 31 144 26
internal_value=-4.0287e-05 0.100663 0.107714 0.0958828 0.106073 -0.110854 0.110854
internal_weight=214.271 112.256 108.635 22.7838 18.7102 102.015 85.8512
internal_count=2400 1245 1204 232 205 1155 972
is_linear=0
shrinkage=0.1


Tree=17
num_leaves=10
num_cat=0
split_feature=17 5 0 16 0 0 0 0 0
split_gain=213.7 14.9396 0.438792 1.11076 0.211626 1.42109e-14 7.10543e-15 3.55271e-15 1.77636e-15
threshold=1.0000000180025095e-35 1.0000000180025095e-35 54.000000000000007 4.1098500000000007 22.500000000000004 36.500000000000007 38.500000000000007 41.500000000000007 37.500000000000007
decision_type=2 2 2 2 2 2 2 2 2
left_child=1 -1 3 4 -3 -2 8 -8 -7
right_child=5 2 -4 -5 -6 6 7 -9 -10
leaf_value=-0.10971489632761583 -0.10971489632761583 0.10971489632761576 0.10971489632761583 0.045649067048267572 0.080975856463599116 -0.10971489632761576 -0.1097148963276158 -0.10971489632761583 -0.1097148963276158
leaf_weight=3.308953344821929 62.547288835048676 14.042875170707708 78.446406126022339 3.9481423348188391 3.13411771506071 5.5687263607978839 14.769230782985689 5.3266078233718863 5.003783106803894
leaf_count=41 775 174 972 27 31 69 183 66 62
internal_value=-4.44508e-05 0.0993233 0.10627 0.0934777 0.104471 -0.109715 -0.109715 -0.109715 -0.109715
internal_weight=196.096 102.88 99.5715 21.1251 17.177 93.2156 30.6683 20.0958 10.5725
internal_count=2400 1245 1204 232 205 1155 380 249 131
is_linear=0
shrinkage=0.1


Tree=18
num_leaves=8
num_cat=0
split_feature=17 5 0 0 16 16 0
split_gain=191.178 13.3427 0.476432 1.14809 0.20979 1.42109e-14 1.77636e-15
threshold=1.0000000180025095e-35 1.0000000180025095e-35 54.000000000000007 22.500000000000004 4.1098500000000007 3.8680000000000003 16.500000000000004
decision_type=2 2 2 2 2 2 2
left_child=1 -1 3 6 -5 -2 -3
right_child=5 2 -4 4 -6 -7 -8
leaf_value=-0.10870541965264652 -0.10870541965264652 0.10870541965264641 0.10870541965264652 0.077894139910416507 0.042392126402893276 -0.10870541965264652 0.10870541965264652
leaf_weight=3.0204446390271178 25.268597833812237 3.5361303091049221 71.606638759374619 2.9423405975103369 3.8325597792863846 59.819537729024887 9.2823420614004117
leaf_count=41 343 48 972 31 27 812 126
internal_value=-4.88075e-05 0.0980763 0.104925 0.0911073 0.0578107 -0.108705 0.108705
internal_weight=179.309 94.2205 91.2 19.5934 6.7749 85.0881 12.8185
internal_count=2400 1245 1204 232 58 1155 174
is_linear=0
shrinkage=0.1


Tree=19
num_leaves=9
num_cat=0
split_feature=17 5 0 0 16 1 0 16
split_gain=171.174 11.9246 0.516451 1.18891 0.200413 1.42109e-14 1.77636e-15 8.88178e-16
threshold=1.0000000180025095e-35 1.0000000180025095e-35 54.000000000000007 22.500000000000004 4.1098500000000007 13.500000000000002 17.500000000000004 3.5655000000000006
decision_type=2 2 2 2 2 2 2 2
left_child=1 -1 3 6 -5 -2 7 -3
right_child=5 2 -4 4 -6 -7 -8 -9
leaf_value=-0.10780871339757432 -0.10780871339757432 0.10780871339757424 0.10780871339757432 0.074833033347878414 0.039301654881356174 -0.10780871339757432 0.10780871339757431 0.10780871339757428
leaf_weight=2.7545797899365416 14.511932551860808 3.4936133921146411 65.303696483373642 2.7656902670860282 3.7262795269489288 63.086595676839352 5.374789834022522 2.821764662861824
leaf_count=41 216 52 972 31 27 939 80 42
internal_value=-5.3356e-05 0.0969042 0.103659 0.0887528 0.0544386 -0.107809 0.107809 0.107809
internal_weight=163.839 86.2404 83.4858 18.1821 6.49197 77.5985 11.6902 6.31538
internal_count=2400 1245 1204 232 58 1155 174 94
is_linear=0
shrinkage=0.1


Tree=20
num_leaves=9
num_cat=0
split_feature=17 5 0 0 16 0 16 0
split_gain=153.373 10.6628 0.55879 1.22616 0.190073 1.42109e-14 3.55271e-15 8.88178e-16
threshold=1.0000000180025095e-35 1.0000000180025095e-35 54.000000000000007 22.500000000000004 4.1098500000000007 102.50000000000001 3.5655000000000006 17.500000000000004
decision_type=2 2 2 2 2 2 2 2
left_child=1 -1 3 6 -5 -4 -3 -8
right_child=-2 2 5 4 -6 -7 7 -9
leaf_value=-0.10701065593122568 -0.10701065593122568 0.10701065593122563 0.10701065593122568 0.071785469000973198 0.036374833820507366 0.10701065593122568 0.10701065593122563 0.10701065593122563
leaf_weight=2.5100843608379355 70.710913091897964 5.9384922683239001 57.609497159719467 2.6033199951052657 3.6287729144096375 1.8978686630725849 2.5713059306144714 2.1427549421787262
leaf_count=41 1155 97 941 31 27 31 42 35
internal_value=-5.80929e-05 0.0957912 0.102455 0.0863988 0.0511668 0.107011 0.107011 0.107011
internal_weight=149.613 78.9021 76.392 16.8846 6.23209 59.5074 10.6526 4.71406
internal_count=2400 1245 1204 232 58 972 174 77
is_linear=0
shrinkage=0.1


Tree=21
num_leaves=8
num_cat=0
split_feature=17 5 0 0 16 0 2
split_gain=137.507 9.5384 0.603361 1.25924 0.178954 1.42109e-14 7.10543e-15
threshold=1.0000000180025095e-35 1.0000000180025095e-35 54.000000000000007 22.500000000000004 4.1098500000000007 41.500000000000007 49.500000000000007
decision_type=2 2 2 2 2 2 2
left_child=1 -1 3 -3 -5 -2 -4
right_child=5 2 6 4 -6 -7 -8
leaf_value=-0.10629918365868618 -0.10629918365868618 0.10629918365868618 0.10629918365868618 0.068747642015372049 0.033609078484124727 -0.10629918365868618 0.10629918365868618
leaf_weight=2.2856426760554305 60.70889937132597 9.7000445276498777 45.545611374080181 2.4543551057577124 3.5394919663667679 3.6793272346258155 8.6408442631363851
leaf_count=41 1089 174 817 31 27 66 155
internal_value=-6.30143e-05 0.0947234 0.101298 0.0840325 0.0479976 -0.106299 0.106299
internal_weight=136.554 72.166 69.8803 15.6939 5.99385 64.3882 54.1865
internal_count=2400 1245 1204 232 58 1155 972
is_linear=0
shrinkage=0.1


Tree=22
num_leaves=8
num_cat=0
split_feature=17 5 0 0 16 0 16
split_gain=123.343 8.53492 0.650034 1.28763 0.167255 1.77636e-15 4.44089e-16
threshold=1.0000000180025095e-35 1.0000000180025095e-35 54.000000000000007 22.500000000000004 4.1098500000000007 18.500000000000004 3.5746000000000007
decision_type=2 2 2 2 2 2 2
left_child=1 -1 3 5 -5 -3 -7
right_child=-2 2 -4 4 -6 6 -8
leaf_value=-0.10566394512104493 -0.10566394512104493 0.10566394512104496 0.10566394512104493 0.065718745379278534 0.031001764178162156 0.10566394512104482 0.10566394512104482
leaf_weight=2.0799332559108725 58.593241721391678 6.7471005618572217 49.309637188911438 2.3179156109690657 3.4578858911991119 1.0653316676616669 1.0146015882492065
leaf_count=41 1155 133 972 31 27 21 20
internal_value=-6.81134e-05 0.0936882 0.100176 0.0816438 0.0449342 0.105664 0.105664
internal_weight=124.586 65.9924 63.9125 14.6028 5.7758 8.82703 2.07993
internal_count=2400 1245 1204 232 58 174 41
is_linear=0
shrinkage=0.1


Tree=23
num_leaves=9
num_cat=0
split_feature=17 5 0 0 16 2 0 16
split_gain=110.683 7.63826 0.698639 1.31087 0.155185 1.42109e-14 7.10543e-15 3.55271e-15
threshold=1.0000000180025095e-35 1.0000000180025095e-35 54.000000000000007 22.500000000000004 4.1098500000000007 5.5000000000000009 102.50000000000001 3.7304000000000008
decision_type=2 2 2 2 2 2 2 2
left_child=1 -1 3 -3 -5 7 -4 -2
right_child=5 2 6 4 -6 -7 -8 -9
leaf_value=-0.10509600333111589 -0.10509600333111585 0.10509600333111589 0.10509600333111589 0.062700467144460995 0.028549930247661916 -0.10509600333111589 0.10509600333111589 -0.10509600333111589
leaf_weight=1.8916524909436692 8.4893672764301318 8.0279886201024038 43.415731560438871 2.1931330710649481 3.3834115415811539 35.526156537234783 1.4302738346159447 9.2737109921872598
leaf_count=41 184 174 941 31 27 770 31 201
internal_value=-7.33832e-05 0.0926739 0.0990744 0.0792248 0.0419806 -0.105096 0.105096 -0.105096
internal_weight=113.631 60.3422 58.4505 13.6045 5.57654 53.2892 44.846 17.7631
internal_count=2400 1245 1204 232 58 1155 972 385
is_linear=0
shrinkage=0.1


Tree=24
num_leaves=9
num_cat=0
split_feature=17 5 0 0 16 0 0 1
split_gain=99.3547 6.83619 0.748956 1.32856 0.142948 1.42109e-14 7.10543e-15 2.22045e-16
threshold=1.0000000180025095e-35 1.0000000180025095e-35 54.000000000000007 22.500000000000004 4.1098500000000007 22.500000000000004 103.50000000000001 15.500000000000002
decision_type=2 2 2 2 2 2 2 2
left_child=1 7 3 -3 -5 -2 -4 -1
right_child=5 2 6 4 -6 -7 -8 -9
leaf_value=-0.10458761393978047 -0.10458761393978047 0.10458761393978047 0.10458761393978047 0.059696780211598625 0.0262502042340403 -0.10458761393978047 0.10458761393978047 -0.10458761393978033
leaf_weight=0.83879679441451915 4.4036831706762305 7.2975321114063245 39.675088375806808 2.0791626051068306 3.3155394494533539 44.036831706762314 1.0904358327388752 0.88073663413524628
leaf_count=20 105 174 946 31 27 1050 26 21
internal_value=-7.88136e-05 0.0916702 0.097983 0.0767701 0.0391408 -0.104588 0.104588 -0.104588
internal_weight=103.618 55.1773 53.4578 12.6922 5.3947 48.4405 40.7655 1.71953
internal_count=2400 1245 1204 232 58 1155 972 41
is_linear=0
shrinkage=0.1


Tree=25
num_leaves=18
num_cat=0
split_feature=17 5 11 0 0 16 0 0 0 1 6 6 0 6 16 0 1
split_gain=89.2068 6.11806 0.80559 14.049 0.00992913 0.028324 0.00152828 7.10543e-15 7.10543e-15 3.55271e-15 3.55271e-15 3.55271e-15 1.77636e-15 8.88178e-16 8.88178e-16 4.44089e-16 2.22045e-16
threshold=1.0000000180025095e-35 1.0000000180025095e-35 3.5000000000000004 70.500000000000014 54.000000000000007 4.1098500000000007 22.500000000000004 38.500000000000007 23.500000000000004 37.500000000000007 18.500000000000004 80.500000000000014 72.500000000000014 17.500000000000004 3.3915000000000006 71.500000000000014 15.500000000000002
decision_type=2 2 2 2 2 2 2 2 2 2 2 2 2 2 2 2 2
left_child=1 16 4 -4 5 6 14 8 13 -6 -10 -11 15 -2 -3 -5 -1
right_child=7 2 3 12 9 -7 -8 -9 10 11 -12 -13 -14 -15 -16 -17 -18
leaf_value=-0.10413205333539806 -0.10413205333539804 0.10413205333539813 -0.27791370663579812 0.10413205333539802 0.10413205333539793 0.11629967522408834 0.10734145201779832 -0.10413205333539804 -0.10413205333539761 0.10413205333539802 -0.10413205333539804 0.10413205333539804 0.10413205333539804 -0.10413205333539793 0.10413205333539802 0.10413205333539795 -0.10413205333539791
leaf_weight=0.76212577521800884 5.5254118703305712 1.1050823740661124 1.0349455401301373 1.295613817870616 3.3533534109592464 2.8922325968742362 1.9114753603935239 9.4884659014642221 0.87644464150071399 17.795636851340536 27.360315330326557 1.5242515504360188 11.317567761987446 0.76212577521800984 5.5254118703305721 1.1431886628270149 0.80023206397891045
leaf_count=20 145 29 20 34 88 24 30 249 23 467 718 40 297 20 145 30 21
internal_value=-8.43935e-05 0.0906672 0.0968912 0.0774004 0.105344 0.107746 0.10485 -0.104132 -0.104132 0.104132 -0.104132 0.104132 0.104132 -0.104132 0.104132 0.104132 -0.104132
internal_weight=94.4739 50.4611 48.8988 14.7913 34.1074 11.4342 8.54197 44.0128 34.5243 22.6732 28.2368 19.3199 13.7564 6.28754 6.63049 2.4388 1.56236
internal_count=2400 1245 1204 381 823 228 204 1155 906 595 741 507 361 165 174 64 41
is_linear=0
shrinkage=0.1


Tree=26
num_leaves=11
num_cat=0
split_feature=17 5 0 0 16 0 3 0 16 0
split_gain=80.1489 5.47336 0.888481 1.43666 0.127338 9.40781e-05 0.000136049 7.10543e-15 7.10543e-15 8.88178e-16
threshold=1.0000000180025095e-35 1.0000000180025095e-35 54.000000000000007 22.500000000000004 4.1098500000000007 70.500000000000014 10.500000000000002 41.500000000000007 4.8777500000000016 17.500000000000004
decision_type=2 2 2 2 2 2 2 2 2 2
left_child=1 -1 3 9 -5 6 -4 -2 -7 -3
right_child=7 2 5 4 -6 8 -8 -9 -10 -11
leaf_value=-0.10372341650791615 -0.10372341650791615 0.10372341650791617 0.10545584586861256 0.051835655808781134 0.018508093549380999 0.10372341650791615 0.10372341650791604 -0.10372341650791615 0.10372341650791615 0.10372341650791611
leaf_weight=1.4189652279019345 37.689100809395313 3.2532373517751676 0.78494739532470581 1.8216383606195448 3.0930026471614838 31.044190473854542 1.0728761479258537 2.2841879278421393 0.96904942393302818 2.7687126398086548
leaf_count=41 1089 94 16 31 27 897 31 66 28 80
internal_value=-2.87133e-05 0.0896386 0.095762 0.0709809 0.0308611 0.103764 0.104455 -0.103723 0.103723 0.103723
internal_weight=86.1999 46.2266 44.8077 10.9366 4.91464 33.8711 1.85782 39.9733 32.0132 6.02195
internal_count=2400 1245 1204 232 58 972 47 1155 925 174
is_linear=0
shrinkage=0.1


Tree=27
num_leaves=17
num_cat=0
split_feature=17 5 0 0 16 0 7 0 0 6 6 6 0 6 16 16
split_gain=71.9819 4.89658 0.941434 1.42949 0.113818 6.8822e-05 9.93737e-05 7.10543e-15 7.10543e-15 3.55271e-15 3.55271e-15 1.77636e-15 8.88178e-16 4.44089e-16 4.44089e-16 2.22045e-16
threshold=1.0000000180025095e-35 1.0000000180025095e-35 54.000000000000007 22.500000000000004 4.1098500000000007 70.500000000000014 13.500000000000002 39.500000000000007 37.500000000000007 50.500000000000007 67.500000000000014 81.500000000000014 38.500000000000007 46.500000000000007 4.7760500000000006 4.7248500000000009
decision_type=2 2 2 2 2 2 2 2 2 2 2 2 2 2 2 2
left_child=1 -1 3 -3 -5 6 -4 8 -2 13 -11 -12 -10 -7 15 -15
right_child=7 2 5 4 -6 9 -8 -9 12 10 11 -13 -14 14 -16 -17
leaf_value=-0.10335657600081949 -0.10335657600081949 0.10335657600081952 0.10335657600081914 0.048942995852698713 0.016897934163512322 0.10335657600081914 0.10490979025242014 -0.10335657600081949 -0.10335657600081949 0.10335657600081948 0.10335657600081952 0.10335657600081932 -0.10335657600081948 0.10335657600081932 0.10335657600081941 0.10335657600081934
leaf_weight=1.2882575690746296 26.519253373146061 5.4672394394874555 0.97404840588569885 1.7406863421201704 3.0512434244155884 1.1625739037990599 0.71375787258148193 4.5246119499206534 1.9480968117713917 16.307455569505695 8.2322800755500758 0.97404840588569719 3.2991962134838104 0.65983924269676231 1.0368902385234831 0.69126015901565552
leaf_count=41 844 174 31 31 27 37 16 144 62 519 262 31 105 21 33 22
internal_value=-3.4413e-05 0.0886114 0.0946416 0.06841 0.0285384 0.103393 0.104013 -0.103357 -0.103357 0.103357 0.103357 0.103357 -0.103357 0.103357 0.103357 0.103357
internal_weight=78.5907 42.2996 41.0113 10.2592 4.79193 30.7522 1.68781 36.2912 31.7665 29.0643 25.5138 9.20633 5.24729 3.55056 2.38799 1.3511
internal_count=2400 1245 1204 232 58 972 47 1155 1011 925 812 293 167 113 76 43
is_linear=0
shrinkage=0.1


Tree=28
num_leaves=13
num_cat=0
split_feature=17 5 11 5 0 16 0 0 1 0 0 6
split_gain=64.649 4.37915 0.999291 23.8002 0.00777384 0.0195412 0.00103883 3.49415e-05 9.6182e-06 7.10543e-15 3.55271e-15 1.77636e-15
threshold=1.0000000180025095e-35 1.0000000180025095e-35 3.5000000000000004 8.5000000000000018 54.000000000000007 4.1098500000000007 22.500000000000004 71.500000000000014 12.500000000000002 36.500000000000007 88.500000000000014 31.500000000000004
decision_type=2 2 2 2 2 2 2 2 2 2 2 2
left_child=1 -1 4 -4 5 6 -3 8 -5 -2 -9 -11
right_child=9 2 3 7 -6 -7 -8 10 -10 11 -12 -13
leaf_value=-0.10302697128541219 -0.10302697128541219 0.10302697128541212 -0.53841053308355435 0.10384525187578149 0.10302697128541219 0.11400535137092059 0.10596206981125822 0.10302697128541222 0.10333555814267342 -0.10302697128541219 0.10302697128541193 -0.10302697128541216
leaf_weight=1.1692027430981387 22.100783558562398 4.9619823731482047 0.61094021610915561 0.62155075930058845 16.967698344960809 2.5861566066741943 1.5930059552192686 8.6121763028204406 0.91564877890050411 7.1578021589666587 0.684411361813546 3.6787110697478056
leaf_count=41 775 174 7 18 595 24 30 302 30 251 24 129
internal_value=-4.01907e-05 0.0875596 0.0934934 0.068855 0.104293 0.106644 0.10374 0.1031 0.103542 -0.103027 0.103027 -0.103027
internal_weight=71.6601 38.7228 37.5536 11.4447 26.1088 9.14114 6.55499 10.8338 1.5372 32.9373 9.29659 10.8365
internal_count=2400 1245 1204 381 823 228 204 374 48 1155 326 380
is_linear=0
shrinkage=0.1


Tree=29
num_leaves=16
num_cat=0
split_feature=17 11 5 0 16 0 0 2 2 16 0 0 16 16 16
split_gain=58.2017 19.9371 4.37727 0.00635713 0.014112 0.000759454 0.00010573 0.00014053 6.68694e-07 1.34037e-06 1.09125e-10 3.55271e-15 3.55271e-15 3.55271e-15 8.88178e-16
threshold=1.0000000180025095e-35 4.5000000000000009 1.0000000180025095e-35 54.000000000000007 4.1098500000000007 22.500000000000004 70.500000000000014 35.500000000000007 55.500000000000007 4.748050000000001 71.500000000000014 77.500000000000014 3.7304000000000008 4.129900000000001 4.264800000000001
decision_type=2 2 2 2 2 2 2 2 2 2 2 2 2 2 2
left_child=1 2 -1 4 5 -4 7 -5 10 -10 -8 -12 -2 -14 -15
right_child=12 -3 3 6 -6 -7 8 -9 9 -11 11 -13 13 14 -16
leaf_value=-0.10273063016458275 -0.10273063016458268 -0.44392345326869392 0.10273063016458278 0.10273063016458231 0.11249632065465442 0.10536263103388624 0.10272955225839722 0.10471162412673525 0.1029099082131751 0.10273063016458268 0.10273063016458268 0.10273063016458275 -0.10273063016458273 -0.10273063016458275 -0.10273063016458267
leaf_weight=1.0608346126973618 5.7181573025882271 0.69426413625478645 4.502078600227831 0.80209446325898415 2.3698276877403259 1.4491931721568105 0.98284324072301998 0.64691790565848351 0.64197507500648399 1.1902046874165533 4.5020786002278355 16.636991608887911 19.146771058440212 4.0104723162949076 1.0090865828096864
leaf_count=41 221 4 174 31 24 30 38 16 24 46 174 643 740 155 39
internal_value=8.61202e-05 0.0866895 0.0972798 0.103571 0.10597 0.103372 0.102786 0.103615 0.102735 0.102793 0.102731 0.102731 -0.102731 -0.102731 -0.102731
internal_weight=65.3638 35.4793 34.785 33.7242 8.3211 5.95127 25.4031 1.44901 23.9541 1.83218 22.1219 21.1391 29.8845 24.1663 5.01956
internal_count=2400 1245 1241 1200 228 204 972 47 925 70 855 817 1155 934 194
is_linear=0
shrinkage=0.1


Tree=30
num_leaves=17
num_cat=0
split_feature=17 11 5 0 16 0 0 2 2 16 0 0 0 0 2 16
split_gain=52.4253 14.6276 3.94682 0.00464386 0.0102186 0.000555943 7.78559e-05 0.000103308 4.95225e-07 9.92504e-07 8.15596e-11 3.55271e-15 3.55271e-15 1.77636e-15 1.77636e-15 8.88178e-16
threshold=1.0000000180025095e-35 4.5000000000000009 1.0000000180025095e-35 54.000000000000007 4.1098500000000007 22.500000000000004 70.500000000000014 35.500000000000007 55.500000000000007 4.748050000000001 71.500000000000014 34.500000000000007 75.500000000000014 24.500000000000004 13.500000000000002 3.5009500000000005
decision_type=2 2 2 2 2 2 2 2 2 2 2 2 2 2 2 2
left_child=1 2 -1 4 5 15 7 -5 10 -10 -8 13 -12 -2 -15 -4
right_child=11 -3 3 6 -6 -7 8 -9 9 -11 12 -13 -14 14 -16 -17
leaf_value=-0.10246404444141764 -0.10246404444141798 -0.32532420833794096 0.10246404444141782 0.10246404444141755 0.1111667147238654 0.10482636625049091 0.10246306597074251 0.10424656031173107 0.10262601556405171 0.10246404444141795 0.10246404444141791 -0.10246404444141802 0.10246404444141802 -0.10246404444141805 -0.10246404444141782 0.10246404444141799
leaf_weight=0.9622530229389693 5.585761450231078 0.84219500422477622 1.7367493584752107 0.72755716368556267 2.1686391234397888 1.3176500424742696 0.89150842092931881 0.58783368766307831 0.58240809291601081 1.0796009525656698 3.2622724436223534 12.227654267102478 15.912379257380961 8.472520519047972 0.82143550738692361 2.3469585925340652
leaf_count=41 238 4 74 31 24 30 38 16 24 46 139 521 678 361 35 100
internal_value=0.000164671 0.085981 0.0969514 0.103219 0.105368 0.10304 0.102514 0.103261 0.102468 0.102521 0.102464 -0.102464 0.102464 -0.102464 -0.102464 0.102464
internal_weight=59.5254 32.418 31.5758 30.6136 7.57 5.40136 23.0436 1.31539 21.7282 1.66201 20.0662 27.1074 19.1747 14.8797 9.29396 4.08371
internal_count=2400 1245 1241 1200 228 204 972 47 925 70 855 1155 817 634 396 174
is_linear=0
shrinkage=0.1


Tree=31
num_leaves=18
num_cat=0
split_feature=17 11 5 0 16 0 0 1 2 16 0 0 1 2 16 6 0
split_gain=47.2338 11.7449 3.55994 0.00339713 0.00741688 0.000407449 5.73671e-05 7.60061e-05 3.66794e-07 7.3502e-07 5.90674e-11 3.55271e-15 3.55271e-15 1.77636e-15 1.77636e-15 8.88178e-16 4.44089e-16
threshold=1.0000000180025095e-35 4.5000000000000009 1.0000000180025095e-35 54.000000000000007 4.1098500000000007 22.500000000000004 70.500000000000014 25.500000000000004 55.500000000000007 4.748050000000001 71.500000000000014 38.500000000000007 39.500000000000007 30.500000000000004 4.7610500000000009 28.500000000000004 17.500000000000004
decision_type=2 2 2 2 2 2 2 2 2 2 2 2 2 2 2 2 2
left_child=1 2 -1 4 5 16 7 -5 10 -10 -8 -2 -12 14 -14 -13 -4
right_child=11 -3 3 6 -6 -7 8 -9 9 -11 12 15 13 -15 -16 -17 -18
leaf_value=-0.10222407114423103 -0.10222407114423182 -0.26596167469234117 0.10222407114423165 0.10382891222350187 0.10999186287042202 0.10434605404846431 0.10222319675614894 0.1022240711442317 0.10237043453689845 0.10222407114423174 0.10222407114423181 -0.10222407114423185 0.10222407114423189 0.10222407114423165 0.10222407114423145 -0.10222407114423182 0.10222407114423181
leaf_weight=0.87262242659927025 19.282827280461792 0.92194075882434745 2.0006465390324624 0.53392436727881676 1.9821506738662718 1.1974670737981794 0.80846667289734497 0.65978768840432167 0.52823332883417495 0.97903979569673538 8.0025861561298388 1.128024112433194 8.0664365775883144 0.87262242659926492 0.44695295020937997 4.1715608686208725 1.7026779055595396
leaf_count=41 906 4 94 16 24 30 38 31 24 46 376 53 379 41 21 196 80
internal_value=0.000211222 0.0853527 0.0966564 0.102903 0.10483 0.102743 0.102269 0.102942 0.102228 0.102275 0.102224 -0.102224 0.102224 0.102224 0.102224 -0.102224 0.102224
internal_weight=54.158 29.5756 28.6536 27.781 6.88294 4.90079 20.898 1.19371 19.7043 1.50727 18.1971 24.5824 17.3886 9.38601 8.51339 5.29958 3.70332
internal_count=2400 1245 1241 1200 228 204 972 47 925 70 855 1155 817 441 400 249 174
is_linear=0
shrinkage=0.1


Tree=32
num_leaves=24
num_cat=0
split_feature=17 11 5 0 16 0 0 2 1 2 0 2 2 16 0 0 0 16 16 16 16 16 1
split_gain=42.5716 9.82562 3.21197 0.00248824 0.00539471 0.000298929 4.22933e-05 5.59584e-05 2.72026e-07 7.65715e-07 1.41362e-11 1.18137e-11 9.46798e-12 1.66989e-11 3.55271e-15 1.77636e-15 1.77636e-15 1.77636e-15 1.77636e-15 1.77636e-15 4.44089e-16 2.22045e-16 1.11022e-16
threshold=1.0000000180025095e-35 4.5000000000000009 1.0000000180025095e-35 54.000000000000007 4.1098500000000007 22.500000000000004 70.500000000000014 35.500000000000007 12.500000000000002 54.500000000000007 71.500000000000014 47.500000000000007 55.500000000000007 4.7738000000000005 33.500000000000007 25.500000000000004 101.50000000000001 4.8114000000000008 4.7932000000000015 4.7574000000000014 3.4469000000000007 4.8685000000000009 15.500000000000002
decision_type=2 2 2 2 2 2 2 2 2 2 2 2 2 2 2 2 2 2 2 2 2 2 2
left_child=1 2 22 4 5 20 7 -5 9 11 -10 -8 16 -14 15 -2 17 18 19 -12 -4 -19 -1
right_child=14 -3 3 6 -6 -7 8 -9 10 -11 12 -13 13 -15 -16 -17 -18 21 -20 -21 -22 -23 -24
leaf_value=-0.10200795490764487 -0.10200795490764669 -0.22957282596247969 0.10200795490764634 0.10200795490764616 0.10895112704100059 0.10391540781028795 0.10200725085238638 0.10345355308977 0.10200742328689015 0.10217437473039832 0.1020079549076468 0.10200795490764657 0.10200712118958073 0.10200795490764658 -0.10200795490764675 -0.10200795490764672 0.1020079549076465 0.10200795490764657 0.1020079549076465 0.10200795490764658 0.10200795490764669 0.10200795490764647 -0.1020079549076465
leaf_weight=0.38593612611294403 5.7504482790827769 0.95885346829891105 1.0227307341992884 0.59820099547505623 1.8097786903381345 1.087774224579334 0.40509696118533856 0.48477826826274395 0.55946599133312958 0.382657241076231 10.864101950079194 0.57890418916940689 0.38578248769044765 0.63679460808634758 10.420275405049322 6.1170875988900661 0.73327863961458284 0.96484031528234548 0.73327863961458284 1.234995603561402 2.3349135629832745 0.38593612611293793 0.40523293241858482
leaf_count=20 298 4 53 31 24 30 21 16 29 19 563 30 20 33 540 317 38 50 38 64 121 20 21
internal_value=0.000243207 0.0847951 0.0963911 0.102619 0.104348 0.102475 0.102048 0.102655 0.102011 0.102054 0.102008 0.102008 0.102008 0.102008 -0.102008 -0.102008 0.102008 0.102008 0.102008 0.102008 0.102008 0.102008 -0.102008
internal_weight=49.2411 26.9533 25.9945 25.2033 6.2552 4.44542 18.9481 1.08298 17.8651 1.36666 16.4985 0.984001 15.939 1.02258 22.2878 11.8675 14.9164 14.1832 12.8324 12.0991 3.35764 1.35078 0.791169
internal_count=2400 1245 1241 1200 228 204 972 47 925 70 855 51 826 53 1155 615 773 735 665 627 174 70 41
is_linear=0
shrinkage=0.1


Tree=33
num_leaves=16
num_cat=0
split_feature=17 11 5 0 16 0 0 2 1 2 0 2 2 16 0
split_gain=38.3831 8.41082 2.89883 0.0018246 0.00393124 0.000219528 3.11964e-05 4.12254e-05 2.01546e-07 5.67086e-07 1.02105e-11 8.33589e-12 6.79279e-12 1.19822e-11 3.55271e-15
threshold=1.0000000180025095e-35 4.5000000000000009 1.0000000180025095e-35 54.000000000000007 4.1098500000000007 22.500000000000004 70.500000000000014 35.500000000000007 12.500000000000002 54.500000000000007 71.500000000000014 47.500000000000007 55.500000000000007 4.7738000000000005 86.500000000000014
decision_type=2 2 2 2 2 2 2 2 2 2 2 2 2 2 2
left_child=1 2 -1 4 5 -4 7 -5 9 11 -10 -8 14 -14 -12
right_child=-2 -3 3 6 -6 -7 8 -9 10 -11 12 -13 13 -15 -16
leaf_value=-0.10181321847770475 -0.10181321847770577 -0.20480376511953435 0.10181321847770564 0.10181321847770511 0.10802713851117074 0.10352896637176104 0.10181259730252662 0.10311597597314648 0.10181274403595977 0.10196364067684927 0.10181321847770582 0.10181321847770558 0.1018124767155245 0.10181321847770559 0.10181321847770573
leaf_weight=0.71717887371779099 20.20345363765955 0.96668224036693473 3.0436371713876751 0.54225719720125454 1.6508449316024778 0.98774548619985569 0.36721200495958572 0.44000835716724396 0.50714443065225978 0.34692176058888435 8.0813814550638146 0.52476502954959869 0.34970381297171194 0.57724153250455856 5.440064139664174
leaf_count=41 1155 4 174 31 24 30 21 16 29 19 462 30 20 33 311
internal_value=0.000266871 0.0842985 0.0961524 0.102363 0.103917 0.102234 0.10185 0.102397 0.101816 0.101855 0.101813 0.101813 0.101813 0.101813 0.101813
internal_weight=44.7462 24.5428 23.5761 22.8589 5.68223 4.03138 17.1767 0.982266 16.1944 1.2389 14.9555 0.891977 14.4484 0.926945 13.5214
internal_count=2400 1245 1241 1200 228 204 972 47 925 70 855 51 826 53 773
is_linear=0
shrinkage=0.1


Tree=34
num_leaves=22
num_cat=0
split_feature=17 11 5 0 16 0 0 1 1 2 0 2 2 16 0 0 6 16 16 16 8
split_gain=34.6183 7.30339 2.61688 0.00133929 0.00286954 0.000161351 2.30205e-05 3.03873e-05 1.49207e-07 4.19852e-07 7.74314e-12 6.39555e-12 5.08571e-12 8.97071e-12 3.55271e-15 3.55271e-15 1.77636e-15 1.77636e-15 1.77636e-15 1.77636e-15 2.22045e-16
threshold=1.0000000180025095e-35 4.5000000000000009 1.0000000180025095e-35 54.000000000000007 4.1098500000000007 22.500000000000004 70.500000000000014 25.500000000000004 12.500000000000002 54.500000000000007 71.500000000000014 47.500000000000007 55.500000000000007 4.7738000000000005 31.500000000000004 94.500000000000014 33.500000000000007 4.8685000000000009 4.8142000000000005 4.2466500000000007 3.5000000000000004
decision_type=2 2 2 2 2 2 2 2 2 2 2 2 2 2 2 2 2 2 2 2 2
left_child=1 2 -1 4 5 -4 7 -5 9 11 -10 -8 15 -14 -2 17 19 18 -12 -16 -17
right_child=14 -3 3 6 -6 -7 8 -9 10 -11 12 -13 13 -15 16 20 -18 -19 -20 -21 -22
leaf_value=-0.10163770747741006 -0.10163770747741115 -0.18680551120763716 0.10163770747741104 0.1028121912440027 0.10720517797629703 0.1031818935365576 0.101637135952915 0.10163770747741097 0.10163727352392769 0.10177365179937137 0.10163770747741126 0.10163770747741097 0.10163703330159202 0.10163770747741099 -0.10163770747741122 0.10163770747741095 -0.10163770747741088 0.10163770747741062 0.10163770747741092 -0.10163770747741097 0.10163770747741108
leaf_weight=0.64999388158321991 8.6084555536508578 0.95435002446174522 2.7585106194019349 0.39925249479710956 1.5046132206916807 0.89660212397575367 0.33281157352030166 0.49145878851413727 0.45963517390191455 0.31446393951773643 9.3694240003824145 0.47560527920722961 0.31694350391626436 0.52316580712795258 8.227971330285067 0.69755440950393732 0.60243335366249162 0.31707018613815385 0.74511493742466051 0.87194301187992174 1.1255991607904434
leaf_count=41 543 4 174 16 24 30 21 31 29 19 591 30 20 33 519 44 38 20 47 55 71
internal_value=0.000285198 0.0838548 0.0959376 0.102133 0.10353 0.102016 0.101671 0.102164 0.101641 0.101676 0.101638 0.101637 0.101638 0.101637 -0.101638 0.101638 -0.101638 0.101638 0.101638 -0.101638 0.101638
internal_weight=40.643 22.3322 21.3778 20.7278 5.15973 3.65511 15.5681 0.890711 14.6774 1.12288 13.5545 0.808417 13.0949 0.840109 18.3108 12.2548 9.70235 10.4316 10.1145 9.09991 1.82315
internal_count=2400 1245 1241 1200 228 204 972 47 925 70 855 51 826 53 1155 773 612 658 638 574 115
is_linear=0
shrinkage=0.1


Tree=35
num_leaves=20
num_cat=0
split_feature=17 11 5 0 16 0 0 1 1 2 0 2 2 16 0 16 0 16 16
split_gain=31.2322 6.40259 2.36289 0.000983979 0.00209773 0.000118685 1.69944e-05 2.24103e-05 1.10545e-07 3.10989e-07 5.4392e-12 4.64273e-12 3.8245e-12 6.74483e-12 3.55271e-15 3.55271e-15 4.44089e-16 2.22045e-16 1.11022e-16
threshold=1.0000000180025095e-35 4.5000000000000009 1.0000000180025095e-35 54.000000000000007 4.1098500000000007 22.500000000000004 70.500000000000014 25.500000000000004 12.500000000000002 54.500000000000007 71.500000000000014 47.500000000000007 55.500000000000007 4.7738000000000005 94.500000000000014 4.2466500000000007 18.500000000000004 3.4080000000000008 3.3035000000000005
decision_type=2 2 2 2 2 2 2 2 2 2 2 2 2 2 2 2 2 2 2
left_child=1 2 -1 4 5 16 7 -5 9 11 -10 -8 14 -14 -12 -2 17 18 -4
right_child=15 -3 3 6 -6 -7 8 -9 10 -11 12 -13 13 -15 -16 -17 -18 -19 -20
leaf_value=-0.10147943037564258 -0.1014794303756438 -0.17312701701052857 0.10147943037564255 0.10253866639199101 0.10647272022621895 0.1028699492066997 0.10147891883911622 0.10147943037564358 0.10147904784425021 0.10160233474654345 0.10147943037564384 0.10147943037564358 0.1014788162776858 0.10147943037564361 0.10147943037564369 -0.10147943037564358 0.10147943037564365 0.10147943037564373 0.10147943037564351
leaf_weight=0.58900939673185959 15.802691131830215 0.92807172238826652 0.35915207117796288 0.36217316798865695 1.3703173398971555 0.81361390650272358 0.30158597789704689 0.44534856826066971 0.41651056706905265 0.2849941048771143 9.4528825134038872 0.43098248541355133 0.2872066944837578 0.47408073395490646 1.6520995274186141 0.79013455659151155 0.58900939673185337 1.2067509591579435 0.34478598833084106
leaf_count=41 1100 4 25 16 24 30 21 31 29 19 658 30 20 33 115 55 41 84 24
internal_value=0.00029985 0.0834571 0.0957441 0.101926 0.103182 0.101821 0.101509 0.101954 0.101482 0.101514 0.101479 0.101479 0.101479 0.101479 0.101479 -0.101479 0.101479 0.101479 0.101479
internal_weight=36.9014 20.3086 19.3805 18.7915 4.68363 3.31331 14.1079 0.807522 13.3003 1.01756 12.2828 0.732568 11.8663 0.761287 11.105 16.5928 2.4997 1.91069 0.703938
internal_count=2400 1245 1241 1200 228 204 972 47 925 70 855 51 826 53 773 1155 174 133 49
is_linear=0
shrinkage=0.1


Tree=36
num_leaves=22
num_cat=0
split_feature=17 11 5 0 16 0 0 1 2 16 0 1 2 0 0 0 1 0 16 16 1
split_gain=28.1851 5.65063 2.13399 0.000723515 0.00153555 8.73617e-05 1.255e-05 1.65347e-05 8.18971e-08 1.65717e-07 1.28999e-11 1.40354e-12 1.01252e-13 1.77636e-15 1.77636e-15 1.77636e-15 1.77636e-15 8.88178e-16 8.88178e-16 4.44089e-16 1.11022e-16
threshold=1.0000000180025095e-35 4.5000000000000009 1.0000000180025095e-35 54.000000000000007 4.1098500000000007 22.500000000000004 70.500000000000014 25.500000000000004 55.500000000000007 4.748050000000001 71.500000000000014 13.500000000000002 54.500000000000007 32.500000000000007 101.50000000000001 95.500000000000014 51.500000000000007 29.500000000000004 3.8680000000000003 3.4469000000000007 51.500000000000007
decision_type=2 2 2 2 2 2 2 2 2 2 2 2 2 2 2 2 2 2 2 2 2
left_child=1 2 -1 4 5 19 7 -5 10 -10 -8 -11 14 17 15 16 -12 18 -2 -4 -17
right_child=13 -3 3 6 -6 -7 8 -9 9 11 12 -13 -14 -15 -16 20 -18 -19 -20 -21 -22
leaf_value=-0.10133666518796106 -0.10133666518796242 -0.16238646671427842 0.10133666518796175 0.10229226864749962 0.10581897225335826 0.10258939573296449 0.10133614084453638 0.10133666518796214 0.10142534488138739 0.10133635812724617 0.10133666526785678 0.10133666551416315 0.10133661223265221 -0.10133666518796239 0.10133666518796203 0.10133666518796194 0.10133666518796221 -0.10133666518796235 -0.10133666518796235 0.10133666518796235 0.1013366651879621
leaf_weight=0.53367037326098099 4.2693629860877973 0.89232607185840507 0.68986658006906854 0.32845701463520427 1.2471832036972044 0.73809899389743794 0.49443262070417127 0.40350686758756638 0.32331106532365161 0.3253358593210578 8.005055956542483 0.27334343455731869 0.37745957821607667 7.4063034728169441 0.49462132155895311 0.40350686758756715 1.015275344252587 1.37973316013813 1.9784852862358091 1.5749784186482427 0.33842511475086212
leaf_count=41 328 4 53 16 24 30 38 31 24 25 615 21 29 569 38 31 78 106 152 121 26
internal_value=0.000311838 0.0830999 0.0955698 0.101739 0.10287 0.101645 0.101363 0.101765 0.101339 0.101368 0.101337 0.101336 0.101337 -0.101337 0.101337 0.101337 0.101337 -0.101337 -0.101337 0.101337 0.101337
internal_weight=33.4927 18.4589 17.5665 17.0329 4.25013 3.00294 12.7827 0.731964 12.0508 0.92199 11.1288 0.598679 10.6343 15.0339 10.2569 9.76226 9.02033 7.62758 6.24785 2.26484 0.741932
internal_count=2400 1245 1241 1200 228 204 972 47 925 70 855 46 817 1155 788 750 693 586 480 174 57
is_linear=0
shrinkage=0.1


Tree=37
num_leaves=22
num_cat=0
split_feature=17 11 5 0 16 0 0 1 1 2 0 2 16 2 0 0 0 0 2 2 6
split_gain=25.4416 5.01141 1.92761 0.000532387 0.00112537 6.4345e-05 9.2709e-06 1.22044e-05 6.07636e-08 1.7089e-07 3.03757e-12 2.98783e-12 5.11902e-12 2.61935e-12 1.77636e-15 1.77636e-15 1.77636e-15 1.77636e-15 1.77636e-15 1.77636e-15 1.11022e-16
threshold=1.0000000180025095e-35 4.5000000000000009 1.0000000180025095e-35 54.000000000000007 4.1098500000000007 22.500000000000004 70.500000000000014 25.500000000000004 12.500000000000002 54.500000000000007 71.500000000000014 55.500000000000007 4.7738000000000005 47.500000000000007 41.500000000000007 39.500000000000007 103.50000000000001 98.500000000000014 54.500000000000007 20.500000000000004 34.500000000000007
decision_type=2 2 2 2 2 2 2 2 2 2 2 2 2 2 2 2 2 2 2 2 2
left_child=1 2 -1 4 5 -4 7 -5 9 13 -10 16 -13 -8 15 -2 17 18 19 -12 -16
right_child=14 -3 3 6 -6 -7 8 -9 10 -11 11 12 -14 -15 20 -17 -18 -19 -20 -21 -22
leaf_value=-0.10120785390948009 -0.10120785390948046 -0.15374198551358087 0.10120785390948045 0.10207021325595599 0.10523467632997954 0.10233692607646011 0.10120742981081864 0.10120785390948017 0.10120753589908955 0.10130840272501973 0.10120785390948082 0.10120725988031498 0.10120785039693819 0.10120785390948017 -0.10120785390948013 -0.10120785390948027 0.10120785390947989 0.10120785390948001 0.10120784591610427 0.10120785390948045 -0.10120785390948006
leaf_weight=0.48346823547035533 11.921619172208009 0.85039906203746873 2.0517920237034555 0.29781383648514648 1.1344438791275027 0.66942332312464703 0.24754627794027229 0.36554915364831686 0.34187831450253625 0.2339935265481472 2.2640463709831149 0.23572609387338239 0.38913302216678858 0.35375724546611309 0.53063586819917041 0.91976883821189481 0.30658961273729879 0.38913297001272518 0.31838154606521207 5.836994550190866 0.24763007182627916
leaf_count=41 1011 4 174 16 24 30 21 31 29 19 192 20 33 30 45 78 26 33 27 495 21
internal_value=0.000321823 0.0827782 0.0954127 0.101571 0.102589 0.101486 0.101232 0.101595 0.10121 0.101236 0.101208 0.101208 0.101208 0.101208 -0.101208 -0.101208 0.101208 0.101208 0.101208 0.101208 -0.101208
internal_weight=30.3897 16.7701 15.9197 15.4362 3.85566 2.72122 11.5805 0.663363 10.9172 0.835297 10.0819 9.74 0.624859 0.601304 13.6197 12.8414 9.11515 8.80856 8.41942 8.10104 0.778266
internal_count=2400 1245 1241 1200 228 204 972 47 925 70 855 826 53 51 1155 1089 773 747 714 687 66
is_linear=0
shrinkage=0.1


Tree=38
num_leaves=20
num_cat=0
split_feature=17 11 5 0 16 0 0 1 1 2 0 2 16 2 0 0 1 16 1
split_gain=22.9703 4.46084 1.74148 0.000392008 0.00082564 4.74194e-05 6.85056e-06 9.0116e-06 4.50182e-08 1.26594e-07 2.20801e-12 2.14229e-12 3.77487e-12 1.91946e-12 1.77636e-15 1.77636e-15 1.77636e-15 4.44089e-16 5.55112e-17
threshold=1.0000000180025095e-35 4.5000000000000009 1.0000000180025095e-35 54.000000000000007 4.1098500000000007 22.500000000000004 70.500000000000014 25.500000000000004 12.500000000000002 54.500000000000007 71.500000000000014 55.500000000000007 4.7738000000000005 47.500000000000007 101.50000000000001 86.500000000000014 19.500000000000004 3.3915000000000006 15.500000000000002
decision_type=2 2 2 2 2 2 2 2 2 2 2 2 2 2 2 2 2 2 2
left_child=1 2 18 4 5 17 7 -5 9 13 -10 14 -13 -8 15 -12 -2 -4 -1
right_child=16 -3 3 6 -6 -7 8 -9 10 -11 11 12 -14 -15 -16 -17 -18 -19 -20
leaf_value=-0.10109158778569115 -0.10109158778569115 -0.14664967968166823 0.101091587785691 0.10187001239036016 0.10471179761206076 0.10210960065810681 0.10109120634307718 0.10109158778569083 0.10109130331984757 0.10118251486002448 0.10109158778569119 0.10109105486593768 0.10109158766455698 0.10109158778569083 0.10109158778569093 0.10109158778569111 -0.101091587785691 0.10109158778569108 -0.1010915877856907
leaf_weight=0.2136281318962564 11.226158331148325 0.80472365021705705 0.30976079124957268 0.26997572649270196 1.0313513875007632 0.60699909925460804 0.22423355374485154 0.33112360443919897 0.30968186352401872 0.21197612024843693 4.9348098468035424 0.21352650411427099 0.35248645674437284 0.3204421978443861 0.40589345060288895 2.9160240003839135 1.1108662858605391 1.5488039562478659 0.22430953849107027
leaf_count=20 1051 4 29 16 24 30 21 31 29 19 462 20 33 30 38 273 104 145 21
internal_value=0.000330256 0.0824881 0.095271 0.101419 0.102336 0.101342 0.101113 0.101441 0.101094 0.101117 0.101092 0.101092 0.101091 0.101091 0.101092 0.101092 -0.101092 0.101092 -0.101092
internal_weight=27.5668 15.2297 14.425 13.9871 3.49692 2.46556 10.4902 0.601099 9.88907 0.756652 9.13242 8.82274 0.566013 0.544676 8.25673 7.85083 12.337 1.85856 0.437938
internal_count=2400 1245 1241 1200 228 204 972 47 925 70 855 826 53 51 773 735 1155 174 41
is_linear=0
shrinkage=0.1


Tree=39
num_leaves=21
num_cat=0
split_feature=17 11 5 0 16 0 1 0 1 1 0 0 2 16 0 0 0 16 2 1
split_gain=20.7433 3.98198 1.57356 0.000288815 0.000606323 3.49635e-05 5.06595e-06 9.20541e-07 9.38305e-07 6.27232e-12 2.06946e-12 1.58451e-12 1.56319e-12 2.75202e-12 1.77636e-15 8.88178e-16 8.88178e-16 2.22045e-16 1.11022e-16 5.55112e-17
threshold=1.0000000180025095e-35 4.5000000000000009 1.0000000180025095e-35 54.000000000000007 4.1098500000000007 22.500000000000004 11.500000000000002 70.500000000000014 32.500000000000007 12.500000000000002 79.500000000000014 71.500000000000014 55.500000000000007 4.7738000000000005 38.500000000000007 86.500000000000014 73.500000000000014 3.4080000000000008 35.500000000000007 15.500000000000002
decision_type=2 2 2 2 2 2 2 2 2 2 2 2 2 2 2 2 2 2 2 2
left_child=1 2 19 4 5 17 -5 8 -8 10 -9 -11 15 -14 -2 16 18 -4 -13 -1
right_child=14 -3 3 6 -6 -7 7 9 -10 11 -12 12 13 -15 -16 -17 -18 -19 -20 -21
leaf_value=-0.10098663028838505 -0.10098663028838505 -0.14074155461647894 0.10098663028838487 0.10142921018693613 0.10424336985385263 0.10190482080177504 0.10127484584482838 0.10098642047140233 0.10098663028838457 0.10098637697028293 0.10098600985100843 0.10098663028838471 0.10098615214953091 0.10098663016750242 -0.10098663028838498 0.10098663028349864 0.10098663028562108 0.10098663028838495 0.10098663028838484 -0.10098663028838456
leaf_weight=0.19348939880728622 8.7650697659701091 0.75710649788379747 0.50307243689894665 0.27513257041573425 0.93718484044075001 0.5502830073237418 0.22941650543361802 0.2901728106662621 0.2225128086283803 0.280488070100544 0.21270741708576679 0.28055962827056635 0.19339726027101267 0.31925754714757204 2.4089430151507267 3.0087601663544774 3.6569496477022767 1.1802853327244518 0.53209584672003984 0.20316386874765158
leaf_count=20 906 4 52 23 24 30 19 30 23 29 22 29 20 33 249 311 378 122 55 21
internal_value=0.000337459 0.0822262 0.0951431 0.101282 0.102109 0.101213 0.101006 0.100994 0.101133 0.100987 0.100986 0.100987 0.100987 0.100986 -0.100987 0.100987 0.100987 0.100987 0.100987 -0.100987
internal_weight=25 13.826 13.0689 12.6723 3.17083 2.23364 9.50145 9.22632 0.451929 8.77439 0.50288 8.27151 7.99102 0.512655 11.174 7.47837 4.46961 1.68336 0.812655 0.396653
internal_count=2400 1245 1241 1200 228 204 972 949 42 907 52 855 826 53 1155 773 462 174 84 41
is_linear=0
shrinkage=0.1


Tree=40
num_leaves=17
num_cat=0
split_feature=17 11 5 0 16 0 1 0 1 1 0 0 2 16 0 6
split_gain=18.7357 3.5624 1.42202 0.000212896 0.000445648 2.57911e-05 3.75327e-06 6.80104e-07 6.93047e-07 4.74465e-12 1.51978e-12 1.27365e-12 1.15374e-12 2.03287e-12 1.77636e-15 1.77636e-15
threshold=1.0000000180025095e-35 4.5000000000000009 1.0000000180025095e-35 54.000000000000007 4.1098500000000007 22.500000000000004 11.500000000000002 70.500000000000014 32.500000000000007 12.500000000000002 79.500000000000014 71.500000000000014 55.500000000000007 4.7738000000000005 101.50000000000001 34.500000000000007
decision_type=2 2 2 2 2 2 2 2 2 2 2 2 2 2 2 2
left_child=1 2 -1 4 5 -4 -5 8 -8 10 -9 -11 14 -14 -13 -2
right_child=15 -3 3 6 -6 -7 7 9 -10 11 -12 12 13 -15 -16 -17
leaf_value=-0.10089186280423801 -0.10089186280423801 -0.13575912653686503 0.10089186280423795 0.10129208007621696 0.10382330427797681 0.10172027316436585 0.10115213043370226 0.10089166858251837 0.10089186280423751 0.10089162446994451 0.10089129881883474 0.10089186280075552 0.10089143096756246 0.1008918626835817 0.10089186280423774 -0.10089186280423704
leaf_weight=0.35922669339924951 9.9356846418231708 0.70888642966747362 1.5245230402797458 0.24927012156695028 0.85125589370727528 0.49877397716045369 0.20782365743070652 0.26279325038194645 0.20151741337031126 0.25402233283966769 0.19263711478561163 6.4397956263273954 0.17514900770038355 0.28913371916860342 0.33294181339442719 0.18399416003376323
leaf_count=41 1134 4 174 23 24 30 19 30 23 29 22 735 20 33 38 21
internal_value=0.000343665 0.0819895 0.0950278 0.101159 0.101904 0.101096 0.10091 0.100898 0.101024 0.100892 0.100892 0.100892 0.100892 0.100892 0.100892 -0.100892
internal_weight=22.6674 12.5478 11.8389 11.4796 2.87455 2.0233 8.60508 8.35581 0.409341 7.94647 0.45543 7.49104 7.23702 0.464283 6.77274 10.1197
internal_count=2400 1245 1241 1200 228 204 972 949 42 907 52 855 826 53 773 1155
is_linear=0
shrinkage=0.1


Tree=41
num_leaves=18
num_cat=0
split_feature=17 11 5 0 16 0 1 0 1 1 0 0 2 16 2 16 1
split_gain=16.9252 3.19268 1.28523 0.000157012 0.000327807 1.90337e-05 2.78095e-06 5.02635e-07 5.12098e-07 3.23208e-12 1.07958e-12 8.63309e-13 7.8515e-13 1.47421e-12 3.55271e-15 3.55271e-15 5.55112e-17
threshold=1.0000000180025095e-35 4.5000000000000009 1.0000000180025095e-35 54.000000000000007 4.1098500000000007 22.500000000000004 11.500000000000002 70.500000000000014 32.500000000000007 12.500000000000002 79.500000000000014 71.500000000000014 55.500000000000007 4.7738000000000005 54.500000000000007 4.2466500000000007 15.500000000000002
decision_type=2 2 2 2 2 2 2 2 2 2 2 2 2 2 2 2 2
left_child=1 2 16 4 5 -4 -5 8 -8 10 -9 -11 14 -14 -13 -2 -1
right_child=15 -3 3 6 -6 -7 7 9 -10 11 -12 12 13 -15 -16 -17 -18
leaf_value=-0.10080626134333226 -0.10080626134333226 -0.13151501778134925 0.10080626134333229 0.10116821031194759 0.10344627148627517 0.10155389607030073 0.10104134926604974 0.10080609618798018 0.1008062613433317 0.10080605561459205 0.10080576869571245 0.10080626134333225 0.10080587990667425 0.10080626624279897 0.10080627308135513 -0.10080626134333184 -0.10080626134333165
leaf_weight=0.15868473798036475 8.7276605889201146 0.6610484719276436 1.3805572204291805 0.22581104468554247 0.77291241288185109 0.45201114378869522 0.18824230507016171 0.23797674570232619 0.18248744867742062 0.23003409150987852 0.17444564495235682 5.9189407266676426 0.1586090326309203 0.26182984374463558 0.21422439627349366 0.4363830294460066 0.16661897487938404
leaf_count=20 1100 4 174 23 24 30 19 30 23 29 22 746 20 33 27 55 21
internal_value=0.000349055 0.0817753 0.0949237 0.101047 0.101719 0.100991 0.100822 0.100812 0.100926 0.100806 0.100806 0.100806 0.100806 0.100806 0.100806 -0.100806 -0.100806
internal_weight=20.5485 11.3844 10.7234 10.3981 2.60548 1.83257 7.7926 7.56679 0.37073 7.19606 0.412422 6.78364 6.5536 0.420439 6.13317 9.16404 0.325304
internal_count=2400 1245 1241 1200 228 204 972 949 42 907 52 855 826 53 773 1155 41
is_linear=0
shrinkage=0.1


Tree=42
num_leaves=20
num_cat=0
split_feature=17 11 5 0 16 0 1 0 1 1 0 0 2 16 0 0 0 16 1
split_gain=15.2919 2.86542 1.16173 0.000115845 0.000241291 1.4051e-05 2.06034e-06 3.71532e-07 3.78442e-07 2.51532e-12 8.23397e-13 6.35936e-13 6.21725e-13 1.09629e-12 3.55271e-15 8.88178e-16 8.88178e-16 2.22045e-16 5.55112e-17
threshold=1.0000000180025095e-35 4.5000000000000009 1.0000000180025095e-35 54.000000000000007 4.1098500000000007 22.500000000000004 11.500000000000002 70.500000000000014 32.500000000000007 12.500000000000002 79.500000000000014 71.500000000000014 55.500000000000007 4.7738000000000005 28.500000000000004 95.500000000000014 91.500000000000014 3.5655000000000006 15.500000000000002
decision_type=2 2 2 2 2 2 2 2 2 2 2 2 2 2 2 2 2 2 2
left_child=1 2 18 4 5 17 -5 8 -8 10 -9 -11 15 -14 -2 16 -13 -4 -1
right_child=14 -3 3 6 -6 -7 7 9 -10 11 -12 12 13 -15 -16 -17 -18 -19 -20
leaf_value=-0.10072895278937577 -0.10072895278937576 -0.12786979032407519 0.10072895278937587 0.10105629364612896 0.1031075838059427 0.10140383616531341 0.10094131986473293 0.10072879812259333 0.10072895278937517 0.10072876654769453 0.10072849756573939 0.10072895278732813 0.10072860257265188 0.1007289526891537 -0.10072895278937576 0.10072895278937564 0.10072895278937555 0.1007289527893756 -0.1007289527893751
leaf_weight=0.14368848875164886 3.2473598457872868 0.61430747807025987 0.69688917044550025 0.20453705452382553 0.70154021680355061 0.40957102552056301 0.17048888560384501 0.21548710484057654 0.16524176206439734 0.20829503703862418 0.15795986773446202 4.4758964371867478 0.14361988985911001 0.23708603903651237 5.0506503796204925 0.68252032157033671 0.39514334406703699 0.55320068169385195 0.15087291318923235
leaf_count=20 452 4 97 23 24 30 19 30 23 29 22 623 20 33 703 95 55 77 21
internal_value=0.00035376 0.0815815 0.0948297 0.100946 0.101553 0.100896 0.100744 0.100734 0.100837 0.100729 0.100729 0.100729 0.100729 0.100729 -0.100729 0.100729 0.100729 0.100729 -0.100729
internal_weight=18.6244 10.3263 9.71204 9.41748 2.3612 1.65966 7.05628 6.85174 0.335731 6.51601 0.373447 6.14256 5.93427 0.380706 8.29801 5.55356 4.87104 1.25009 0.294561
internal_count=2400 1245 1241 1200 228 204 972 949 42 907 52 855 826 53 1155 773 678 174 41
is_linear=0
shrinkage=0.1


Tree=43
num_leaves=18
num_cat=0
split_feature=17 11 5 0 16 0 1 0 1 1 0 0 2 16 0 1 1
split_gain=13.8182 2.57472 1.0502 8.55059e-05 0.000177722 1.03766e-05 1.52648e-06 2.74683e-07 2.79739e-07 1.86429e-12 6.02185e-13 4.73399e-13 4.61853e-13 8.1346e-13 8.88178e-16 8.88178e-16 8.88178e-16
threshold=1.0000000180025095e-35 4.5000000000000009 1.0000000180025095e-35 54.000000000000007 4.1098500000000007 22.500000000000004 11.500000000000002 70.500000000000014 32.500000000000007 12.500000000000002 79.500000000000014 71.500000000000014 55.500000000000007 4.7738000000000005 90.500000000000014 16.500000000000004 43.500000000000007
decision_type=2 2 2 2 2 2 2 2 2 2 2 2 2 2 2 2 2
left_child=1 2 -1 4 5 -4 -5 8 -8 10 -9 -11 14 -14 16 -2 -13
right_child=15 -3 3 6 -6 -7 7 9 -10 11 -12 12 13 -15 -16 -17 -18
leaf_value=-0.10065910400425321 -0.10065910400425387 -0.12471726019601902 0.10065910400425392 0.10095516463046786 0.10280313607862626 0.10126846376241068 0.10085097767168134 0.10065896323340656 0.10065910400425321 0.10065893516403364 0.1006586931104429 0.1006591040014166 0.10065878697718672 0.10065910392418712 0.10065910400425378 -0.10065910400425385 0.10065910400425378
leaf_weight=0.26670572301372963 4.5274922735989085 0.56917110085487443 1.1318730683997258 0.18524874281138171 0.63656392693519581 0.37106537260115136 0.15439588390290726 0.19510918576270331 0.14961540559306741 0.18859724421054114 0.1430220752954483 2.9207529304549102 0.13003820227459062 0.21466560801491141 1.0538128567859528 2.985803094226867 1.0538128567859528
leaf_count=41 696 4 174 23 24 30 19 30 23 29 22 449 20 33 162 459 162
internal_value=0.000357891 0.081406 0.0947449 0.100856 0.101403 0.10081 0.100672 0.100664 0.100757 0.100659 0.100659 0.100659 0.100659 0.100659 0.100659 -0.100659 0.100659
internal_weight=16.8777 9.36445 8.79528 8.52857 2.1395 1.50294 6.38907 6.20382 0.304011 5.89981 0.338131 5.56168 5.37308 0.344704 5.02838 7.5133 3.97457
internal_count=2400 1245 1241 1200 228 204 972 949 42 907 52 855 826 53 773 1155 611
is_linear=0
shrinkage=0.1


Tree=44
num_leaves=17
num_cat=0
split_feature=17 11 5 0 16 0 1 0 1 1 0 0 2 16 0 0
split_gain=12.4881 2.31575 0.949462 6.31345e-05 0.000130973 7.66519e-06 1.13098e-06 2.03129e-07 2.06833e-07 1.38289e-12 4.54026e-13 3.52607e-13 3.37508e-13 5.94857e-13 1.77636e-15 8.88178e-16
threshold=1.0000000180025095e-35 4.5000000000000009 1.0000000180025095e-35 54.000000000000007 4.1098500000000007 22.500000000000004 11.500000000000002 70.500000000000014 32.500000000000007 12.500000000000002 79.500000000000014 71.500000000000014 55.500000000000007 4.7738000000000005 27.500000000000004 97.500000000000014
decision_type=2 2 2 2 2 2 2 2 2 2 2 2 2 2 2 2
left_child=1 2 -1 4 5 -4 -5 8 -8 10 -9 -11 15 -14 -2 -13
right_child=14 -3 3 6 -6 -7 7 9 -10 11 -12 12 13 -15 -16 -17
leaf_value=-0.1005959875327932 -0.10059598753279275 -0.12197499788765298 0.10059598753279275 0.10086377283006093 0.10252928076360397 0.10114629244724838 0.10076937426427342 0.10059586107998418 0.10059598753279209 0.10059583440317431 0.10059561456960141 0.10059598753099069 0.1005957026118254 0.10059598745282661 -0.10059598753279282 0.10059598753279263
leaf_weight=0.2414690237492304 2.1908896788954744 0.52598740905523289 1.0247709788382051 0.16776414914056648 0.57744692265987385 0.3361387364566325 0.13981055095791806 0.17664720211178053 0.13545823283493519 0.17075144825503219 0.12948874570429325 4.1579788117669523 0.1177334627136587 0.19435314275324345 4.611469404771924 0.39459572173655022
leaf_count=41 372 4 174 23 24 30 19 30 23 29 22 706 20 33 783 67
internal_value=0.000361532 0.081247 0.0946682 0.100773 0.101267 0.100732 0.100608 0.1006 0.100684 0.100596 0.100596 0.100596 0.100596 0.100596 -0.100596 0.100596
internal_weight=15.2928 8.49039 7.96441 7.72294 1.93836 1.36091 5.78458 5.61682 0.275269 5.34155 0.306136 5.03541 4.86466 0.312087 6.80236 4.55257
internal_count=2400 1245 1241 1200 228 204 972 949 42 907 52 855 826 53 1155 773
is_linear=0
shrinkage=0.1


Tree=45
num_leaves=17
num_cat=0
split_feature=17 11 5 0 16 0 1 0 1 1 0 0 2 16 0 1
split_gain=11.2872 2.08451 0.858456 4.66311e-05 9.65702e-05 5.66391e-06 8.37902e-07 1.50234e-07 1.5295e-07 1.03917e-12 3.32956e-13 2.64677e-13 2.42473e-13 4.28435e-13 1.77636e-15 2.77556e-17
threshold=1.0000000180025095e-35 4.5000000000000009 1.0000000180025095e-35 54.000000000000007 4.1098500000000007 22.500000000000004 11.500000000000002 70.500000000000014 32.500000000000007 12.500000000000002 79.500000000000014 71.500000000000014 55.500000000000007 4.7738000000000005 41.500000000000007 15.500000000000002
decision_type=2 2 2 2 2 2 2 2 2 2 2 2 2 2 2 2
left_child=1 2 15 4 5 -4 -5 8 -8 10 -9 -11 -13 -14 -2 -1
right_child=14 -3 3 6 -6 -7 7 9 -10 11 -12 12 13 -15 -16 -17
leaf_value=-0.10053895288504905 -0.10053895288504987 -0.11957786191190128 0.1005389528850498 0.10078116644621238 0.10228280411060936 0.10103602170893905 0.10069565004236443 0.10053883660731355 0.10053895288504906 0.10053881353692765 0.10053861474109563 0.10053895288340578 0.10053869877042974 0.10053895282514276 -0.10053895288504962 -0.10053895288504898
leaf_weight=0.10663798078894604 5.806438053958118 0.48498179763555516 0.9277504328638313 0.15191737329587329 0.52369053661823262 0.30446598306298256 0.1265937266871332 0.15992304449900974 0.12263367790728807 0.15458546532317985 0.11722931172698736 4.1215579700656235 0.1065869741141795 0.17595268785953522 0.35190533660352219 0.11196987982839346
leaf_count=20 1089 4 174 23 24 30 19 30 23 29 22 773 20 33 66 21
internal_value=0.000364752 0.0811029 0.094599 0.100699 0.101145 0.100662 0.10055 0.100543 0.100619 0.100539 0.100539 0.100539 0.100539 0.100539 -0.100539 -0.100539
internal_weight=13.8548 7.69648 7.2115 6.99289 1.75591 1.23222 5.23698 5.08506 0.249227 4.83584 0.277152 4.55868 4.4041 0.28254 6.15834 0.218608
internal_count=2400 1245 1241 1200 228 204 972 949 42 907 52 855 826 53 1155 41
is_linear=0
shrinkage=0.1


Tree=46
num_leaves=20
num_cat=0
split_feature=17 11 5 0 16 0 1 0 1 1 0 0 2 16 16 0 16 16 0
split_gain=10.2029 1.87764 0.776229 3.4452e-05 7.12371e-05 4.18623e-06 6.20773e-07 1.11128e-07 1.13121e-07 7.78932e-13 2.38642e-13 1.90958e-13 1.84741e-13 3.25628e-13 8.88178e-16 4.44089e-16 2.22045e-16 1.11022e-16 5.55112e-17
threshold=1.0000000180025095e-35 4.5000000000000009 1.0000000180025095e-35 54.000000000000007 4.1098500000000007 22.500000000000004 11.500000000000002 70.500000000000014 32.500000000000007 12.500000000000002 79.500000000000014 71.500000000000014 55.500000000000007 4.7738000000000005 3.6684000000000005 99.500000000000014 3.4673500000000002 3.6428000000000007 102.50000000000001
decision_type=2 2 2 2 2 2 2 2 2 2 2 2 2 2 2 2 2 2 2
left_child=1 2 -1 4 5 16 -5 8 -8 10 -9 -11 15 -14 17 -13 -4 -2 -17
right_child=14 -3 3 6 -6 -7 7 9 -10 11 -12 12 13 -15 -16 18 -18 -19 -20
leaf_value=-0.10048740143222001 -0.10048740143222029 -0.11747364276559746 0.10048740143222018 0.10070649358386928 0.10206085956939603 0.10093646261642293 0.10062903044826262 0.10048729384963423 0.10048740143221956 0.10048727679061134 0.10048709645594588 0.10048740143045956 0.10048716856874325 0.1004874013524264 -0.10048740143222044 0.10048740143221957 0.10048740143222029 -0.10048740143222001 0.10048740143221979
leaf_weight=0.19790087966248382 0.52612672885879863 0.44628529995679844 0.27030364051461198 0.1375572639517485 0.47483280301094044 0.27575011365115643 0.11461871722713102 0.14477480342611659 0.11101756663993001 0.13994280342012633 0.10612508468329906 3.4801593841984877 0.096490823198109754 0.15928609995171428 4.8220238727517426 0.10136386519297946 0.5695683853700757 0.22686198400333524 0.14963237242773175
leaf_count=41 109 4 56 23 24 30 19 30 23 29 22 721 20 33 999 21 118 47 31
internal_value=0.000367609 0.0809725 0.0945364 0.100632 0.101035 0.100598 0.100497 0.100491 0.100559 0.100487 0.100487 0.100487 0.100487 0.100487 -0.100487 0.100487 0.100487 -0.100487 0.100487
internal_weight=12.5506 6.97561 6.52932 6.33142 1.59045 1.11562 4.74097 4.60341 0.225636 4.37778 0.2509 4.12688 3.98693 0.255777 5.57501 3.73116 0.839872 0.752989 0.250996
internal_count=2400 1245 1241 1200 228 204 972 949 42 907 52 855 826 53 1155 773 174 156 52
is_linear=0
shrinkage=0.1


Tree=47
num_leaves=22
num_cat=0
split_feature=17 11 5 0 16 0 1 0 1 1 0 0 2 16 7 0 0 0 16 16 1
split_gain=9.22362 1.69227 0.701925 2.54601e-05 5.2571e-05 3.09463e-06 4.59922e-07 8.22219e-08 8.36859e-08 5.69766e-13 1.88433e-13 1.47882e-13 1.40332e-13 2.47191e-13 1.77636e-15 4.44089e-16 1.11022e-16 5.55112e-17 5.55112e-17 5.55112e-17 2.77556e-17
threshold=1.0000000180025095e-35 4.5000000000000009 1.0000000180025095e-35 54.000000000000007 4.1098500000000007 22.500000000000004 11.500000000000002 70.500000000000014 32.500000000000007 12.500000000000002 79.500000000000014 71.500000000000014 55.500000000000007 4.7738000000000005 4.5000000000000009 101.50000000000001 17.500000000000004 16.500000000000004 3.5009500000000005 3.5746000000000007 15.500000000000002
decision_type=2 2 2 2 2 2 2 2 2 2 2 2 2 2 2 2 2 2 2 2 2
left_child=1 2 20 4 5 16 -5 8 -8 10 -9 -11 15 -14 -2 -13 17 -4 -18 -20 -1
right_child=14 -3 3 6 -6 -7 7 9 -10 11 -12 12 13 -15 -16 -17 18 -19 19 -21 -22
leaf_value=-0.10044080450178504 -0.10044080450178552 -0.11561989201307031 0.10044080450178568 0.10063899202503257 0.10186090154310919 0.10084654747968512 0.10056883474132319 0.10044071050635309 0.10044080450178505 0.10044068929494812 0.10044052612962046 0.100440804501786 0.10044059127207441 0.10044080444199573 -0.10044080450178604 0.10044080450178552 0.10044080450178501 0.10044080450178555 0.10044080450178505 0.10044080450178539 -0.10044080450178494
leaf_weight=0.087388772517442592 0.17040810640901316 0.40995710343122471 0.20973305404186227 0.12454620003700245 0.43044693768024433 0.24972016923129559 0.10377022577449668 0.13105532713234458 0.10049708839505911 0.12668122723698649 0.096068206243216991 3.2115373900160202 0.087346936110407003 0.14419149421155453 4.8762935064733028 0.16603866778314103 0.096127649769186974 0.20099417679011822 0.10049708839505911 0.15293035190552473 0.091758211143314838
leaf_count=20 39 4 48 23 24 30 19 30 23 29 22 735 20 33 1116 38 22 46 23 35 21
internal_value=0.000370149 0.0808542 0.0944799 0.100572 0.100936 0.100541 0.10045 0.100444 0.100506 0.100441 0.100441 0.100441 0.100441 0.100441 -0.100441 0.100441 0.100441 0.100441 0.100441 0.100441 -0.100441
internal_weight=11.368 6.32129 5.91133 5.73218 1.44045 1.01 4.29173 4.16719 0.204267 3.96292 0.227124 3.7358 3.60911 0.231538 5.0467 3.37758 0.760282 0.410727 0.349555 0.253427 0.179147
internal_count=2400 1245 1241 1200 228 204 972 949 42 907 52 855 826 53 1155 773 174 94 80 58 41
is_linear=0
shrinkage=0.1


Tree=48
num_leaves=21
num_cat=0
split_feature=17 11 5 0 16 0 1 0 1 1 0 2 16 0 2 16 0 0 0 2
split_gain=8.33902 1.52595 0.634771 1.88198e-05 3.88104e-05 2.28826e-06 3.40756e-07 6.08322e-08 6.19077e-08 4.31655e-13 1.35392e-13 1.08358e-13 1.83825e-13 1.12355e-13 8.88178e-16 8.88178e-16 2.22045e-16 1.11022e-16 1.11022e-16 5.55112e-17
threshold=1.0000000180025095e-35 4.5000000000000009 1.0000000180025095e-35 54.000000000000007 4.1098500000000007 22.500000000000004 11.500000000000002 70.500000000000014 32.500000000000007 12.500000000000002 79.500000000000014 55.500000000000007 4.7738000000000005 71.500000000000014 30.500000000000004 4.2466500000000007 98.500000000000014 16.500000000000004 84.500000000000014 53.500000000000007
decision_type=2 2 2 2 2 2 2 2 2 2 2 2 2 2 2 2 2 2 2 2
left_child=1 2 -1 4 5 17 -5 8 -8 10 -9 13 -13 -11 -15 -2 18 -4 -16 -20
right_child=15 -3 3 6 -6 -7 7 9 -10 11 -12 12 -14 14 16 -17 -18 -19 19 -21
leaf_value=-0.10039868185275219 -0.10039868185275272 -0.11398173301433889 0.10039868185275232 0.10057796589025983 0.10168068459383124 0.10076534525388721 0.10051441947581088 0.10039859382676596 0.10039868185275164 0.10039858108711233 0.10039842957101758 0.10039848358103465 0.10039867679824721 0.10039868185275268 0.10039868185275264 -0.10039868185275232 0.10039868185275172 0.10039868185275254 0.10039868185275186 0.10039868185275216
leaf_weight=0.16216344200074662 4.350726492702961 0.37600193917751301 0.18984988331794717 0.11275896197184954 0.39013968408107758 0.22612898144870996 0.093943426851183509 0.11863097781315479 0.090969735756516457 0.11467155395075757 0.086960699874907732 0.079066234175115713 0.1305218143388629 1.9934237748384478 0.67238500341773011 0.21753632463514794 0.098880147561430931 0.49835594370961189 0.11470097117125988 0.17798426561057568
leaf_count=41 1100 4 48 23 24 30 19 30 23 29 22 20 33 504 170 55 25 126 29 45
internal_value=0.000372414 0.0807471 0.0944288 0.100517 0.100846 0.100489 0.100407 0.100402 0.100457 0.100399 0.100399 0.100399 0.100399 0.100399 0.100399 -0.100399 0.100399 0.100399 0.100399 0.100399
internal_weight=10.2958 5.72754 5.35154 5.18937 1.30447 0.914335 3.8849 3.77214 0.184913 3.58723 0.205592 3.38163 0.209588 3.17205 3.05737 4.56826 1.06395 0.688206 0.96507 0.292685
internal_count=2400 1245 1241 1200 228 204 972 949 42 907 52 855 53 802 773 1155 269 174 244 74
is_linear=0
shrinkage=0.1


Tree=49
num_leaves=17
num_cat=0
split_feature=17 11 5 0 16 0 1 0 1 1 0 0 2 16 0 0
split_gain=7.53985 1.37655 0.574073 1.39142e-05 2.86611e-05 1.6923e-06 2.52453e-07 4.50167e-08 4.58086e-08 3.09086e-13 9.88931e-14 7.63833e-14 7.72715e-14 1.35808e-13 8.88178e-16 4.44089e-16
threshold=1.0000000180025095e-35 4.5000000000000009 1.0000000180025095e-35 54.000000000000007 4.1098500000000007 22.500000000000004 11.500000000000002 70.500000000000014 32.500000000000007 12.500000000000002 79.500000000000014 71.500000000000014 55.500000000000007 4.7738000000000005 25.500000000000004 90.500000000000014
decision_type=2 2 2 2 2 2 2 2 2 2 2 2 2 2 2 2
left_child=1 2 -1 4 5 -4 -5 8 -8 10 -9 -11 15 -14 -2 -13
right_child=14 -3 3 6 -6 -7 7 9 -10 11 -12 12 13 -15 -16 -17
leaf_value=-0.10036059702750458 -0.10036059702750511 -0.11253020854744716 0.10036059702750506 0.10052278190179119 0.10151818938056403 0.10069198481511453 0.10046523788569849 0.10036051949365857 0.10036059702750398 0.10036050541228266 0.10036037189688181 0.10036059702750511 0.10036042243657131 0.10036059698770827 -0.10036059702750516 0.10036059702750505
leaf_weight=0.14678440149873484 1.0668719913810489 0.34438394755125035 0.6229386795312164 0.10208168975077603 0.35354925692081451 0.20475145429372787 0.085043025203049516 0.10738040111027691 0.08234246913343668 0.10379647393710945 0.078713619615882635 2.1874455930665144 0.071567839477211126 0.11814355570822954 3.0681520020589232 0.57997739128768433
leaf_count=41 298 4 174 23 24 30 19 30 23 29 22 611 20 33 857 162
internal_value=0.000374436 0.08065 0.0943827 0.100468 0.100765 0.100443 0.100368 0.100363 0.100414 0.100361 0.10036 0.100361 0.100361 0.100361 -0.100361 0.100361
internal_weight=9.32392 5.1889 4.84452 4.69773 1.18124 0.82769 3.51649 3.41441 0.167385 3.24702 0.186094 3.06093 2.95713 0.189711 4.13502 2.76742
internal_count=2400 1245 1241 1200 228 204 972 949 42 907 52 855 826 53 1155 773
is_linear=0
shrinkage=0.1


Tree=50
num_leaves=20
num_cat=0
split_feature=17 11 5 0 16 0 1 0 1 1 0 0 2 16 0 0 0 16 1
split_gain=6.81773 1.24223 0.519204 1.02893e-05 2.11726e-05 1.25179e-06 1.8704e-07 3.33194e-08 3.39037e-08 2.06501e-13 7.33857e-14 4.79616e-14 4.61853e-14 1.04972e-13 4.44089e-16 8.88178e-16 4.44089e-16 1.11022e-16 2.77556e-17
threshold=1.0000000180025095e-35 4.5000000000000009 1.0000000180025095e-35 54.000000000000007 4.1098500000000007 22.500000000000004 11.500000000000002 70.500000000000014 32.500000000000007 12.500000000000002 79.500000000000014 71.500000000000014 55.500000000000007 4.7738000000000005 21.500000000000004 30.500000000000004 73.500000000000014 3.5655000000000006 15.500000000000002
decision_type=2 2 2 2 2 2 2 2 2 2 2 2 2 2 2 2 2 2 2
left_child=1 2 18 4 5 17 -5 8 -8 10 -9 -11 16 -14 -2 -16 -13 -4 -1
right_child=14 -3 3 6 -6 -7 7 9 -10 11 -12 12 13 -15 15 -17 -18 -19 -20
leaf_value=-0.10032615988516368 -0.1003261598851642 -0.11124105159081261 0.1003261598851648 0.1004728838626396 0.10137162973665273 0.10062570251369103 0.10042078037632701 0.10032609650664692 0.10032615988516372 0.10032608353141348 0.10032596289719496 0.10032615988516441 0.10032600572375304 0.10032616703048299 -0.10032615988516497 -0.10032615988516501 0.10032615988424667 0.10032615988516465 -0.10032615988516358
leaf_weight=0.064809406176209339 0.15878304513171348 0.31503761559724797 0.31432561995461561 0.092410873854533171 0.32034357637166977 0.18538260832428932 0.076982446946204042 0.097193448105827307 0.074530817102640867 0.093949517467990851 0.071246215142309666 0.27219950594008047 0.0647783470340072 0.10693553322926164 1.4646925795823338 2.119267581962049 2.2326840490568429 0.24951621377840638 0.068049876485019922
leaf_count=20 49 4 97 23 24 30 19 30 23 29 22 84 20 33 452 654 689 77 21
internal_value=0.000376245 0.080562 0.0943409 0.100423 0.100691 0.1004 0.100333 0.100329 0.100374 0.100326 0.100326 0.100326 0.100326 0.100326 -0.100326 -0.100326 0.100326 0.100326 -0.100326
internal_weight=8.44312 4.70038 4.38534 4.25248 1.06957 0.749224 3.18291 3.0905 0.151513 2.93899 0.16844 2.77055 2.6766 0.171714 3.74274 3.58396 2.50488 0.563842 0.132859
internal_count=2400 1245 1241 1200 228 204 972 949 42 907 52 855 826 53 1155 1106 773 174 41
is_linear=0
shrinkage=0.1


Tree=51
num_leaves=18
num_cat=0
split_feature=17 11 5 0 16 0 1 0 1 1 0 0 2 16 6 2 2
split_gain=6.16517 1.12137 0.4696 7.61008e-06 1.56448e-05 9.26023e-07 1.38558e-07 2.46637e-08 2.50924e-08 1.7053e-13 5.48728e-14 4.9738e-14 4.44089e-14 7.9492e-14 8.88178e-16 4.44089e-16 4.44089e-16
threshold=1.0000000180025095e-35 4.5000000000000009 1.0000000180025095e-35 54.000000000000007 4.1098500000000007 22.500000000000004 11.500000000000002 70.500000000000014 32.500000000000007 12.500000000000002 79.500000000000014 71.500000000000014 55.500000000000007 4.7738000000000005 26.500000000000004 54.500000000000007 14.500000000000002
decision_type=2 2 2 2 2 2 2 2 2 2 2 2 2 2 2 2 2
left_child=1 2 -1 4 5 -4 -5 8 -8 10 -9 -11 15 -14 -2 16 -13
right_child=14 -3 3 6 -6 -7 7 9 -10 11 -12 12 13 -15 -16 -17 -18
leaf_value=-0.10029503105466685 -0.10029503105466789 -0.11009374152674196 0.10029503105466769 0.10042775999237348 0.10123940428558159 0.10056580711185446 0.10038059182566646 0.10029496701349117 0.10029503105466647 0.10029494937776891 0.10029484557678946 0.10029503105466671 0.10029488345679638 0.10029503101492257 -0.10029503105466789 0.10029502309283543 0.10029503105466792
leaf_weight=0.12025147187523577 2.05600687279366 0.28787631914019574 0.51033551478758488 0.083652476780116891 0.29021816700696945 0.16783594619482756 0.06968307122588191 0.087970175780356263 0.067458142759278417 0.085034082643688058 0.064485224429517984 0.17891072644852224 0.058631134685128816 0.096787783084437251 1.3315650788135824 0.0791899999603628 2.0090794691350311
leaf_count=41 701 4 174 23 24 30 19 30 23 29 22 61 20 33 454 27 685
internal_value=0.000377864 0.0804823 0.0943032 0.100382 0.100625 0.100362 0.100301 0.100297 0.100339 0.100295 0.100295 0.100295 0.100295 0.100295 -0.100295 0.100295 0.100295
internal_weight=7.64497 4.2574 3.96952 3.84927 0.96839 0.678171 2.88088 2.79723 0.137141 2.66009 0.152455 2.50763 2.4226 0.155419 3.38757 2.26718 2.18799
internal_count=2400 1245 1241 1200 228 204 972 949 42 907 52 855 826 53 1155 773 746
is_linear=0
shrinkage=0.1


Tree=52
num_leaves=19
num_cat=0
split_feature=17 11 5 0 16 0 1 0 1 1 0 0 2 16 0 0 0 0
split_gain=5.57539 1.01254 0.424752 5.6293e-06 1.15632e-05 6.85114e-07 1.02657e-07 1.82562e-08 1.85729e-08 1.26121e-13 4.41591e-14 3.01981e-14 2.84217e-14 5.0987e-14 4.44089e-16 4.44089e-16 1.11022e-16 5.55112e-17
threshold=1.0000000180025095e-35 4.5000000000000009 1.0000000180025095e-35 54.000000000000007 4.1098500000000007 22.500000000000004 11.500000000000002 70.500000000000014 32.500000000000007 12.500000000000002 79.500000000000014 71.500000000000014 55.500000000000007 4.7738000000000005 36.500000000000007 78.500000000000014 75.500000000000014 18.500000000000004
decision_type=2 2 2 2 2 2 2 2 2 2 2 2 2 2 2 2 2 2
left_child=1 2 -1 4 5 17 -5 8 -8 10 -9 -11 15 -14 -2 16 -13 -4
right_child=14 -3 3 6 -6 -7 7 9 -10 11 -12 12 13 -15 -16 -17 -18 -19
leaf_value=-0.10026687410579865 -0.10026687410580022 -0.10907085510945203 0.10026687410579989 0.10038695544121 0.10112006805821164 0.10051166638149261 0.10034424746611553 0.10026681887642255 0.10026687410579865 0.1002668077432189 0.10026670441263 0.10026687410579978 0.10026674986699413 0.10026687407600786 -0.10026687410580018 0.10026687410580022 0.10026687410579949 0.10026687410579936
leaf_weight=0.10883703269064504 2.0572853740304713 0.26279909536242474 0.35305671580135856 0.075721092522144651 0.2628943920135498 0.1519418740645051 0.063073524739593601 0.079619916155934667 0.06105492077767849 0.076962518738583063 0.058364185504615307 0.35571127757430154 0.053065774263813981 0.087600548285990953 1.0087334737181661 1.5688460078090427 0.12741896510124207 0.10883703269064426
leaf_count=41 775 4 133 23 24 30 19 30 23 29 22 134 20 33 380 591 48 41
internal_value=0.000379315 0.0804101 0.0942691 0.100346 0.100565 0.100327 0.100272 0.100269 0.100306 0.100267 0.100267 0.100267 0.100267 0.100267 -0.100267 0.100267 0.100267 0.100267
internal_weight=6.92182 3.8558 3.59301 3.48417 0.87673 0.613836 2.60744 2.53172 0.124128 2.40759 0.137984 2.26961 2.19264 0.140666 3.06602 2.05198 0.48313 0.461894
internal_count=2400 1245 1241 1200 228 204 972 949 42 907 52 855 826 53 1155 773 182 174
is_linear=0
shrinkage=0.1


Tree=53
num_leaves=23
num_cat=0
split_feature=17 11 5 0 16 0 1 0 1 1 0 0 2 16 0 0 6 6 0 16 16 16
split_gain=5.04229 0.914488 0.384201 4.16471e-06 8.54822e-06 5.0696e-07 7.60503e-08 1.3514e-08 1.37473e-08 9.81437e-14 2.93376e-14 2.44249e-14 2.17604e-14 3.84692e-14 4.44089e-16 2.22045e-16 1.11022e-16 1.11022e-16 5.55112e-17 5.55112e-17 2.77556e-17 2.77556e-17
threshold=1.0000000180025095e-35 4.5000000000000009 1.0000000180025095e-35 54.000000000000007 4.1098500000000007 22.500000000000004 11.500000000000002 70.500000000000014 32.500000000000007 12.500000000000002 79.500000000000014 71.500000000000014 55.500000000000007 4.7738000000000005 36.500000000000007 91.500000000000014 29.500000000000004 30.500000000000004 18.500000000000004 3.4080000000000008 3.6868000000000003 3.5655000000000006
decision_type=2 2 2 2 2 2 2 2 2 2 2 2 2 2 2 2 2 2 2 2 2 2
left_child=1 2 -1 4 5 18 -5 8 -8 10 -9 -11 15 -14 -2 -13 -16 -18 19 -4 21 -21
right_child=14 -3 3 6 -6 -7 7 9 -10 11 -12 12 13 -15 16 -17 17 -19 -20 20 -22 -23
leaf_value=-0.10024141443214465 -0.1002414144321464 -0.10815744857458021 0.10024141443214535 0.10035004905093164 0.10101234418406831 0.10046273876836927 0.10031138497146859 0.10024135981120086 0.10024141443214465 0.10024135111969575 0.10024126171737738 0.1002414144321464 0.10024130097939128 0.10024141440236892 -0.10024141443214624 0.10024141443214624 -0.1002414144321455 -0.10024141443214625 0.10024141443214546 0.10024141443214492 0.10024141443214474 0.10024141443214521
leaf_weight=0.09850356029346663 1.8619575421325865 0.2396959364414214 0.11772376717999611 0.068539195228368377 0.23811746388673782 0.13754624873399734 0.057089030742645597 0.072060446022078728 0.055258094798773527 0.069655350875109767 0.052822822937741876 1.4967736112885175 0.048027469543740042 0.079283363185822964 0.36278140498325218 0.36037887912243594 0.10330861201509833 0.4468698101118207 0.098503560293465853 0.064868198242038488 0.057660620659589767 0.07928335340693593
leaf_count=41 775 4 49 23 24 30 19 30 23 29 22 623 20 33 151 150 43 186 41 27 24 33
internal_value=0.000380618 0.0803447 0.0942383 0.100313 0.100511 0.100296 0.100246 0.100243 0.100277 0.100241 0.100241 0.100241 0.100241 0.100241 -0.100241 0.100241 -0.100241 -0.100241 0.100241 0.100241 0.100241 0.100241
internal_weight=6.26671 3.49179 3.2521 3.15359 0.793703 0.555586 2.35989 2.29135 0.112347 2.179 0.124883 2.05412 1.98446 0.127311 2.77492 1.85715 0.91296 0.550178 0.418039 0.319536 0.201812 0.144152
internal_count=2400 1245 1241 1200 228 204 972 949 42 907 52 855 826 53 1155 773 380 229 174 133 84 60
is_linear=0
shrinkage=0.1


Tree=54
num_leaves=17
num_cat=0
split_feature=17 11 5 0 16 0 1 0 1 1 0 0 2 16 0 0
split_gain=4.56037 0.826103 0.347532 3.08158e-06 6.32065e-06 3.75192e-07 5.63399e-08 1.00046e-08 1.01768e-08 6.92779e-14 2.13995e-14 1.68754e-14 1.66533e-14 2.96013e-14 4.44089e-16 5.55112e-17
threshold=1.0000000180025095e-35 4.5000000000000009 1.0000000180025095e-35 54.000000000000007 4.1098500000000007 22.500000000000004 11.500000000000002 70.500000000000014 32.500000000000007 12.500000000000002 79.500000000000014 71.500000000000014 55.500000000000007 4.7738000000000005 21.500000000000004 17.500000000000004
decision_type=2 2 2 2 2 2 2 2 2 2 2 2 2 2 2 2
left_child=1 2 -1 4 5 15 -5 8 -8 10 -9 -11 -13 -14 -2 -4
right_child=14 -3 3 6 -6 -7 7 9 -10 11 -12 12 13 -15 -16 -17
leaf_value=-0.1002183888907013 -0.10021838889070206 -0.10734067725807789 0.10021838889070266 0.10031667023620271 0.10091508004527626 0.10041851501166288 0.10028166969231798 0.10021834110399225 0.1002183888907013 0.10021833421169667 0.10021825302724546 0.10021838888988643 0.10021828427166349 0.10021838886093917 -0.10021838889070325 0.10021838889070273
leaf_weight=0.089149140985683384 0.10654409532435272 0.218451827764511 0.20439071347937021 0.062036413000896906 0.21565467864274979 0.12450902257114649 0.05167081952095065 0.065217203460633644 0.050010493723675609 0.063040509354323038 0.047806482296437025 1.6807874692603944 0.043466522824019083 0.071754196425899863 2.4048524373210967 0.17394954338669777
leaf_count=41 49 4 94 23 24 30 19 30 23 29 22 773 20 33 1106 80
internal_value=0.000381789 0.0802854 0.0942104 0.100283 0.100462 0.100268 0.100223 0.10022 0.100251 0.100218 0.100218 0.100218 0.100218 0.100218 -0.100218 0.100218
internal_weight=5.67329 3.1619 2.94344 2.85429 0.718504 0.502849 2.13579 2.07375 0.101681 1.97207 0.113024 1.85905 1.79601 0.115221 2.5114 0.37834
internal_count=2400 1245 1241 1200 228 204 972 949 42 907 52 855 826 53 1155 174
is_linear=0
shrinkage=0.1


Tree=55
num_leaves=19
num_cat=0
split_feature=17 11 5 0 16 0 1 0 1 1 0 0 2 16 2 16 2 2
split_gain=4.1247 0.746394 0.314373 2.28047e-06 4.67464e-06 2.77702e-07 4.17501e-08 7.40877e-09 7.53643e-09 4.17444e-14 1.67644e-14 1.26565e-14 8.65974e-15 2.01367e-14 4.44089e-16 4.44089e-16 2.22045e-16 1.11022e-16
threshold=1.0000000180025095e-35 4.5000000000000009 1.0000000180025095e-35 54.000000000000007 4.1098500000000007 22.500000000000004 11.500000000000002 70.500000000000014 32.500000000000007 12.500000000000002 79.500000000000014 71.500000000000014 55.500000000000007 4.7738000000000005 54.500000000000007 3.5725500000000001 30.500000000000004 24.500000000000004
decision_type=2 2 2 2 2 2 2 2 2 2 2 2 2 2 2 2 2 2
left_child=1 2 -1 4 5 -4 -5 8 -8 10 -9 -11 14 -14 16 -2 17 -13
right_child=15 -3 3 6 -6 -7 7 9 -10 11 -12 12 13 -15 -16 -17 -18 -19
leaf_value=-0.10019755545679732 -0.10019755545679812 -0.10660940959633414 0.10019755545679915 0.10028648554980955 0.10082724687675025 0.10037852663916152 0.10025479762279242 0.10019752098687949 0.10019755545679732 0.10019750584206051 0.10019743904408984 0.10019755545679941 0.10019746979305591 0.10019756045651347 0.1001975672885914 -0.10019755545679948 0.10019755545679931 0.10019755545679915
leaf_weight=0.080681397579611125 0.09445627033710513 0.19894996285438526 0.34240397997200522 0.056148905539885052 0.19529376178979874 0.11270301416516304 0.046765585895627626 0.059022603323683032 0.045260296203196049 0.057052665855735429 0.043265624204650521 0.73006825614720561 0.039337890921160468 0.06493869237601757 0.053131652064621337 2.1783977346494794 0.47621702961623669 0.26172258239239454
leaf_count=41 48 4 174 23 24 30 19 30 23 29 22 371 20 33 27 1107 242 133
internal_value=0.000382841 0.0802318 0.0941852 0.100256 0.100418 0.100242 0.100202 0.100199 0.100227 0.100198 0.100197 0.100198 0.100198 0.100198 0.100198 -0.100198 0.100198 0.100198
internal_weight=5.13582 2.86296 2.66401 2.58333 0.650401 0.455107 1.93293 1.87678 0.0920259 1.78476 0.102288 1.68247 1.62542 0.104277 1.52114 2.27285 1.46801 0.991791
internal_count=2400 1245 1241 1200 228 204 972 949 42 907 52 855 826 53 773 1155 746 504
is_linear=0
shrinkage=0.1


Tree=56
num_leaves=18
num_cat=0
split_feature=17 11 5 0 16 0 1 0 1 2 0 16 1 1 2 1 0
split_gain=3.73079 0.674484 0.284385 1.6877e-06 3.45759e-06 2.05539e-07 3.09237e-08 5.48406e-09 5.57792e-09 3.28626e-14 3.08642e-14 2.5896e-14 4.09395e-15 4.44089e-16 2.22045e-16 2.22045e-16 5.55112e-17
threshold=1.0000000180025095e-35 4.5000000000000009 1.0000000180025095e-35 54.000000000000007 4.1098500000000007 22.500000000000004 11.500000000000002 70.500000000000014 32.500000000000007 55.500000000000007 71.500000000000014 4.7574000000000014 13.500000000000002 39.500000000000007 54.500000000000007 12.500000000000002 17.500000000000004
decision_type=2 2 2 2 2 2 2 2 2 2 2 2 2 2 2 2 2
left_child=1 2 -1 4 5 16 -5 8 -8 10 -9 -11 -13 14 15 -12 -4
right_child=-2 -3 3 6 -6 -7 7 9 -10 11 13 12 -14 -15 -16 -17 -18
leaf_value=-0.10017872567631617 -0.10017872567631854 -0.10595397425581726 0.10017872567631779 0.10025917424916447 0.10074790112568087 0.10034237566243907 0.10023049111312937 0.10017865554340477 0.10017872567631614 0.10017860347222887 0.10017873157063405 0.1001786797855867 0.10017872553945639 0.10017872567631847 0.10017872070304533 0.10017872567631841 0.1001787256763179
leaf_weight=0.073016572976485672 2.056930287508294 0.18107410520315159 0.16740385023877058 0.050818764721043297 0.17684119194746017 0.10201277676969767 0.042324990266933926 0.065868241013958939 0.040960516547784209 0.040931183379143365 0.05164605437312253 0.040949731483124197 0.037398761138319969 0.78537338250316679 0.049863628461025655 0.54317206726409495 0.14247136190533638
leaf_count=41 1155 4 94 23 24 30 19 37 23 23 29 23 21 441 28 305 80
internal_value=0.000383787 0.0801831 0.0941624 0.100232 0.100378 0.100219 0.100182 0.10018 0.100205 0.100179 0.100179 0.100179 0.100179 0.100179 0.100179 0.100179 0.100179
internal_weight=4.64906 2.59213 2.41105 2.33804 0.588729 0.411888 1.74931 1.69849 0.0832855 1.6152 1.49592 0.11928 0.0783485 1.43006 0.644682 0.594818 0.309875
internal_count=2400 1245 1241 1200 228 204 972 949 42 907 840 67 44 803 362 334 174
is_linear=0
shrinkage=0.1


Tree=57
num_leaves=17
num_cat=0
split_feature=17 11 5 0 16 0 1 0 1 2 16 0 1 0 1 1
split_gain=3.37461 0.609588 0.257263 1.24919e-06 2.5579e-06 1.52163e-07 2.29114e-08 4.06133e-09 4.13081e-09 2.62013e-14 1.99701e-14 1.82077e-14 3.28904e-15 2.22045e-16 2.22045e-16 1.38778e-17
threshold=1.0000000180025095e-35 4.5000000000000009 1.0000000180025095e-35 54.000000000000007 4.1098500000000007 22.500000000000004 11.500000000000002 70.500000000000014 32.500000000000007 55.500000000000007 4.7574000000000014 71.500000000000014 13.500000000000002 101.50000000000001 12.500000000000002 15.500000000000002
decision_type=2 2 2 2 2 2 2 2 2 2 2 2 2 2 2 2
left_child=1 2 15 4 5 -4 -5 8 -8 11 -11 -9 -12 -13 -2 -1
right_child=14 -3 3 6 -6 -7 7 9 -10 10 12 13 -14 -15 -16 -17
leaf_value=-0.10016168494434088 -0.10016168494434595 -0.10536594471215764 0.10016168494434592 0.10023447372047099 0.1006762239559371 0.10030969099513826 0.10020851191005747 0.10016162837562673 0.1001616849443437 0.10016157235342089 0.10016164240375365 0.10016168529057157 0.10016168550880787 0.10016168494434495 -0.10016168494434635 -0.10016168494434347
leaf_weight=0.032233558595181289 0.19017799571156491 0.16471034660935391 0.28043195977807078 0.045993475825525709 0.16012065857648849 0.092333529610186815 0.038305208785459288 0.059609666233882197 0.037068592384457588 0.037042042007669695 0.037058830494061112 1.2329325601458547 0.033845262369140983 0.061243761330842861 1.6713100131601093 0.033845236524939537
leaf_count=20 118 4 174 23 24 30 19 37 23 23 23 765 21 38 1037 21
internal_value=0.00038464 0.0801391 0.0941417 0.10021 0.100342 0.100198 0.100165 0.100163 0.100185 0.100162 0.100162 0.100162 0.100162 0.100162 -0.100162 -0.100162
internal_weight=4.20826 2.34677 2.18206 2.11599 0.532886 0.372765 1.5831 1.53711 0.0753738 1.46173 0.107946 1.35379 0.0709041 1.29418 1.86149 0.0660788
internal_count=2400 1245 1241 1200 228 204 972 949 42 907 67 840 44 803 1155 41
is_linear=0
shrinkage=0.1


Tree=58
num_leaves=18
num_cat=0
split_feature=17 11 5 0 16 0 1 0 1 2 0 16 1 0 2 0 0
split_gain=3.05254 0.551004 0.232734 9.24624e-07 1.89248e-06 1.12619e-07 1.69715e-08 3.00677e-09 3.05766e-09 2.33147e-14 1.93179e-14 1.41415e-14 2.15106e-15 4.44089e-16 4.44089e-16 2.77556e-17 2.77556e-17
threshold=1.0000000180025095e-35 4.5000000000000009 1.0000000180025095e-35 54.000000000000007 4.1098500000000007 22.500000000000004 11.500000000000002 70.500000000000014 32.500000000000007 55.500000000000007 71.500000000000014 4.7574000000000014 13.500000000000002 23.500000000000004 54.500000000000007 22.500000000000004 21.500000000000004
decision_type=2 2 2 2 2 2 2 2 2 2 2 2 2 2 2 2 2
left_child=1 2 -1 4 5 -4 -5 8 -8 10 -9 -11 -13 15 -12 16 -2
right_child=13 -3 3 6 -6 -7 7 9 -10 11 14 12 -14 -15 -16 -17 -18
leaf_value=-0.10014628146014966 -0.10014628146015003 -0.10483792209991015 0.10014628146015155 0.10021213157978859 0.10061145494546697 0.10028012323583464 0.10018863126303278 0.10014621994291695 0.10014628146014891 0.1001461748309392 0.1001462814404762 0.10014623738348508 0.10014627412737619 -0.10014628146015184 0.10014626945193209 -0.10014628146015075 -0.10014628146015069
leaf_weight=0.059799298993312155 0.07146745489444617 0.14974841661751259 0.2537823908496647 0.041625425335951038 0.14497168734669685 0.083570207934826612 0.03466651402413834 0.053944932180456706 0.033545948215760291 0.033521917299367376 1.1303527549607677 0.033537112642079592 0.030628932523541152 1.443934292765334 0.040837441338226088 0.087511169258505106 0.081677091307938099
leaf_count=41 49 4 174 23 24 30 19 37 23 23 775 23 21 990 28 60 56
internal_value=0.000385406 0.0800992 0.0941231 0.10019 0.100309 0.100179 0.100149 0.100147 0.100168 0.100146 0.100146 0.100146 0.100146 -0.100146 0.100146 -0.100146 -0.100146
internal_weight=3.80912 2.12453 1.97478 1.91499 0.482324 0.337353 1.43266 1.39104 0.0682125 1.32282 1.22514 0.097688 0.064166 1.68459 1.17119 0.240656 0.153145
internal_count=2400 1245 1241 1200 228 204 972 949 42 907 840 67 44 1155 803 165 105
is_linear=0
shrinkage=0.1


Tree=59
num_leaves=20
num_cat=0
split_feature=17 11 5 0 16 0 1 0 1 2 0 16 1 2 0 0 1 0 0
split_gain=2.76129 0.498104 0.210547 6.84473e-07 1.40032e-06 8.33863e-08 1.25709e-08 2.22662e-09 2.26415e-09 1.95399e-14 1.22125e-14 1.20598e-14 1.57513e-15 4.44089e-16 2.22045e-16 2.22045e-16 1.11022e-16 2.77556e-17 1.38778e-17
threshold=1.0000000180025095e-35 4.5000000000000009 1.0000000180025095e-35 54.000000000000007 4.1098500000000007 22.500000000000004 11.500000000000002 70.500000000000014 32.500000000000007 55.500000000000007 71.500000000000014 4.7574000000000014 13.500000000000002 54.500000000000007 24.500000000000004 99.500000000000014 12.500000000000002 18.500000000000004 102.50000000000001
decision_type=2 2 2 2 2 2 2 2 2 2 2 2 2 2 2 2 2 2 2
left_child=1 2 -1 4 5 17 -5 8 -8 10 -9 -11 -13 15 -2 16 -12 -4 -17
right_child=14 -3 3 6 -6 -7 7 9 -10 11 13 12 -14 -15 -16 18 -18 -19 -20
leaf_value=-0.10013234452583011 -0.1001323445258314 -0.1043634199600932 0.10013234452583125 0.10019191778996005 0.10055292548972382 0.10025340407838218 0.10017065270739947 0.10013229295813245 0.10013234452582845 0.10013224139132422 0.10013233917943071 0.10013230344721272 0.10013233644464417 0.10013233203899458 -0.10013234452583167 0.10013234452582814 0.10013234452583164 0.10013234452582992 0.10013234452582931
leaf_weight=0.054115791805088409 0.31413557194173347 0.13608260825276386 0.17554634902626265 0.037671454134397098 0.13124827668070793 0.075636582914739847 0.031372902798466273 0.048817839473485836 0.03035763930529356 0.030335890362039097 0.038277162355370598 0.030349642736837268 0.027717865770682693 0.036956126801669487 1.210345880128443 0.02771784458309412 0.91600876860320568 0.05411579180508852 0.04091681819409132
leaf_count=41 238 4 133 23 24 30 19 37 23 23 29 23 21 28 917 21 694 41 31
internal_value=0.000386098 0.0800631 0.0941062 0.100171 0.10028 0.100162 0.100135 0.100133 0.100152 0.100132 0.100132 0.100132 0.100132 0.100132 -0.100132 0.100132 0.100132 0.100132 0.100132
internal_weight=3.44773 1.92325 1.78716 1.73305 0.436547 0.305299 1.2965 1.25883 0.0617305 1.1971 1.10869 0.0884034 0.0580675 1.05988 1.52448 1.02292 0.954286 0.229662 0.0686347
internal_count=2400 1245 1241 1200 228 204 972 949 42 907 840 67 44 803 1155 775 723 174 52
is_linear=0
shrinkage=0.1


Tree=60
num_leaves=22
num_cat=0
split_feature=17 11 5 0 16 0 1 0 1 2 16 0 1 16 0 0 16 0 16 16 16
split_gain=2.49789 0.450327 0.190479 5.06757e-07 1.03638e-06 6.17439e-08 9.31645e-09 1.64939e-09 1.67746e-09 8.88178e-15 1.0339e-14 7.77156e-15 1.95677e-15 4.44089e-16 1.11022e-16 1.11022e-16 1.11022e-16 2.77556e-17 2.77556e-17 2.77556e-17 1.38778e-17
threshold=1.0000000180025095e-35 4.5000000000000009 1.0000000180025095e-35 54.000000000000007 4.1098500000000007 22.500000000000004 11.500000000000002 70.500000000000014 32.500000000000007 55.500000000000007 4.7574000000000014 71.500000000000014 13.500000000000002 4.1438000000000015 101.50000000000001 77.500000000000014 4.8553000000000006 41.500000000000007 4.7646000000000006 4.7280000000000006 4.6801500000000003
decision_type=2 2 2 2 2 2 2 2 2 2 2 2 2 2 2 2 2 2 2 2 2
left_child=1 2 -1 4 5 -4 -5 8 -8 11 -11 -9 -12 -2 15 18 -17 -15 19 20 -13
right_child=13 -3 3 6 -6 -7 7 9 -10 10 12 14 -14 17 -16 16 -18 -19 -20 -21 -22
leaf_value=-0.1001197256835452 -0.10011972568354693 -0.10393672094488166 0.1001197256835466 0.10017363726435591 0.10050003640082816 0.10022922709195724 0.10015438736983769 0.10011968349632722 0.10011972568354338 0.10011963935683568 0.10011969662065451 0.1001197258413275 0.10011973533887984 -0.10011972568354627 0.10011972568354482 0.10011972599767822 0.1001197228897589 -0.10011972568354446 0.10011972630750079 0.10011972714775899 0.1001197258963672
leaf_weight=0.048971846816129871 1.1920464176218954 0.12361237034201633 0.20783174014650274 0.034092446323484071 0.11881767958402634 0.068454479333013296 0.028391751926392206 0.044177487492561118 0.027472011628560722 0.027452328358776756 0.02746477397158742 0.069277252652682364 0.025083160144276917 0.14810997573658835 0.045388540951535106 0.67843931110110134 0.03224885230883956 0.039416364510543644 0.052555170492269099 0.029860905953682959 0.05136072332970798
leaf_count=41 998 4 174 23 24 30 19 37 23 23 23 58 21 124 38 568 27 33 44 25 43
internal_value=0.000386723 0.0800304 0.0940909 0.100155 0.100253 0.100147 0.100122 0.100121 0.100137 0.10012 0.10012 0.10012 0.10012 -0.10012 0.10012 0.10012 0.10012 -0.10012 0.10012 0.10012 0.10012
internal_weight=3.12053 1.74095 1.61734 1.56837 0.395104 0.276286 1.17326 1.13917 0.0558638 1.08331 0.0800003 1.00331 0.0525479 1.37957 0.959131 0.913742 0.710688 0.187526 0.203054 0.150499 0.120638
internal_count=2400 1245 1241 1200 228 204 972 949 42 907 67 840 44 1155 803 765 595 157 170 126 101
is_linear=0
shrinkage=0.1


Tree=61
num_leaves=19
num_cat=0
split_feature=17 11 5 0 16 0 1 0 1 1 0 0 2 16 2 0 16 16
split_gain=2.25967 0.407168 0.172326 3.75199e-07 7.67103e-07 4.57152e-08 6.90243e-09 1.22173e-09 1.24264e-09 5.32907e-15 3.21965e-15 9.99201e-16 7.77156e-16 4.58661e-15 3.33067e-16 2.22045e-16 2.22045e-16 2.77556e-17
threshold=1.0000000180025095e-35 4.5000000000000009 1.0000000180025095e-35 54.000000000000007 4.1098500000000007 22.500000000000004 11.500000000000002 70.500000000000014 32.500000000000007 12.500000000000002 79.500000000000014 71.500000000000014 55.500000000000007 4.7738000000000005 54.500000000000007 41.500000000000007 3.5570000000000004 3.6868000000000003
decision_type=2 2 2 2 2 2 2 2 2 2 2 2 2 2 2 2 2 2
left_child=1 2 -1 4 5 17 -5 8 -8 10 -9 -11 14 -14 -13 16 -2 -4
right_child=15 -3 3 6 -6 -7 7 9 -10 11 -12 12 13 -15 -16 -17 -18 -19
leaf_value=-0.10010831744885443 -0.10010831744885403 -0.10355277844078531 0.1001083174488559 0.10015709808312197 0.10045223320537076 0.1002073614440061 0.10013967798717899 0.10010830534736284 0.1001083174488524 0.10010829887493494 0.10010825686147667 0.10010831744885632 0.10010826981733466 0.10010832820612595 0.10010832821920689 -0.1001083174488549 -0.10010831744885636 0.10010831744885258
leaf_weight=0.044316354440525063 0.036750147584825643 0.11224266700446617 0.16213300405070175 0.030852956231683382 0.10755924135446548 0.061953000258654356 0.02569350181147434 0.032419690163806081 0.024860393954440951 0.031337653286755085 0.023764748824760318 0.8063414734788239 0.021607352420687675 0.035669265198521316 0.029183940729126334 0.071338521782308928 1.1403354618232695 0.025941280648112297
leaf_count=41 34 4 150 23 24 30 19 30 23 29 22 746 20 33 27 66 1055 24
internal_value=0.000387284 0.0800008 0.0940771 0.10014 0.100229 0.100133 0.10011 0.100109 0.100124 0.100108 0.100108 0.100108 0.100108 0.100108 0.100108 -0.100108 -0.100108 0.100108
internal_weight=2.8243 1.57588 1.46363 1.41932 0.357587 0.250027 1.06173 1.03088 0.0505539 0.980324 0.0561844 0.92414 0.892802 0.0572766 0.835525 1.24842 1.17709 0.188074
internal_count=2400 1245 1241 1200 228 204 972 949 42 907 52 855 826 53 773 1155 1089 174
is_linear=0
shrinkage=0.1


Tree=62
num_leaves=19
num_cat=0
split_feature=17 11 5 0 16 0 1 0 1 2 0 16 2 1 6 16 0 0
split_gain=2.04421 0.368174 0.155905 2.77776e-07 5.67721e-07 3.38428e-08 5.11089e-09 9.04204e-10 9.19276e-10 8.77076e-15 7.54952e-15 4.44089e-15 5.55112e-16 4.78784e-16 2.22045e-16 2.22045e-16 1.11022e-16 1.11022e-16
threshold=1.0000000180025095e-35 4.5000000000000009 1.0000000180025095e-35 54.000000000000007 4.1098500000000007 22.500000000000004 11.500000000000002 70.500000000000014 32.500000000000007 55.500000000000007 71.500000000000014 4.7574000000000014 54.500000000000007 13.500000000000002 33.500000000000007 3.6423000000000005 99.500000000000014 83.500000000000014
decision_type=2 2 2 2 2 2 2 2 2 2 2 2 2 2 2 2 2 2
left_child=1 2 -1 4 5 -4 -5 8 -8 10 -9 -11 16 -13 15 -2 17 -12
right_child=14 -3 3 6 -6 -7 7 9 -10 11 12 13 -14 -15 -16 -17 -18 -19
leaf_value=-0.10009801229634555 -0.10009801229634674 -0.10320709849891466 0.10009801229634732 0.10014213360011436 0.10040900241496356 0.10018759205268796 0.10012636699242257 0.10009796486411851 0.10009801229634332 0.10009793552263746 0.10009801212684377 0.10009798015676351 0.10009799794208207 0.10009800145240209 -0.1000980122963448 -0.10009801229634768 0.10009801229634581 0.10009801221794455
leaf_weight=0.040103016304783412 0.087052889051847049 0.10188419930636894 0.17019328870810546 0.027920868422370404 0.097363393753767014 0.056067894911393523 0.023251374834217131 0.036176915047690272 0.022496814024634659 0.022480690851807594 0.39711776655167341 0.022490886156447232 0.027386685600504279 0.02054058515932411 0.037168649258092157 1.0055097746662793 0.050862362142652273 0.3100647950777784
leaf_count=41 89 4 174 23 24 30 19 37 23 23 406 23 28 21 38 1028 52 317
internal_value=0.000387791 0.079974 0.0940647 0.100127 0.100207 0.10012 0.1001 0.100099 0.100112 0.100098 0.100098 0.100098 0.100098 0.100098 -0.100098 -0.100098 0.100098 0.100098
internal_weight=2.55613 1.4264 1.32452 1.28441 0.323625 0.226261 0.96079 0.932869 0.0457482 0.887121 0.821609 0.0655122 0.785432 0.0430315 1.12973 1.09256 0.758045 0.707183
internal_count=2400 1245 1241 1200 228 204 972 949 42 907 840 67 803 44 1155 1117 775 723
is_linear=0
shrinkage=0.1


Tree=63
num_leaves=16
num_cat=0
split_feature=17 11 5 0 16 0 1 0 1 2 16 0 1 0 2
split_gain=1.84934 0.332936 0.141051 2.05691e-07 4.20286e-07 2.50645e-08 3.7878e-09 6.69975e-10 6.81288e-10 4.32987e-15 3.3723e-15 3.33067e-15 4.85723e-16 2.22045e-16 2.22045e-16
threshold=1.0000000180025095e-35 4.5000000000000009 1.0000000180025095e-35 54.000000000000007 4.1098500000000007 22.500000000000004 11.500000000000002 70.500000000000014 32.500000000000007 55.500000000000007 4.7574000000000014 71.500000000000014 13.500000000000002 40.500000000000007 6.5000000000000009
decision_type=2 2 2 2 2 2 2 2 2 2 2 2 2 2 2
left_child=1 2 -1 4 5 -4 -5 8 -8 11 -11 -9 -12 14 -2
right_child=13 -3 3 6 -6 -7 7 9 -10 10 12 -13 -14 -15 -16
leaf_value=-0.10008866750618761 -0.10008866750618986 -0.1028957317415532 0.10008866750618955 0.10012859731482454 0.1003699311369094 0.10016970538605163 0.10011432772717128 0.10008863473047432 0.10008866750618516 0.1000886054911973 0.10008864512032445 0.10008866758647911 0.10008866743787881 -0.10008866750618889 -0.10008866750618982
leaf_weight=0.036289922834839561 0.5107142798951827 0.0924533922225238 0.15401089203078278 0.025267088145483285 0.088130593299865723 0.050740926526486874 0.02104111562948674 0.032737123023252934 0.020357761590275913 0.020343170734122396 0.020352396415546536 0.7107508375775069 0.018587535771075636 0.084971526637673378 0.42662787332665175
leaf_count=41 577 4 174 23 24 30 19 37 23 23 23 803 21 96 482
internal_value=0.000388249 0.0799498 0.0940534 0.100115 0.100187 0.100109 0.10009 0.100089 0.100102 0.100089 0.100089 0.100089 0.100089 -0.100089 -0.100089
internal_weight=2.31338 1.29106 1.19861 1.16232 0.292882 0.204752 0.869437 0.84417 0.0413989 0.802771 0.0592831 0.743488 0.0389399 1.02231 0.937342
internal_count=2400 1245 1241 1200 228 204 972 949 42 907 67 840 44 1155 1059
is_linear=0
shrinkage=0.1


Tree=64
num_leaves=17
num_cat=0
split_feature=17 11 5 0 16 0 1 0 1 2 16 0 1 2 0 0
split_gain=1.67307 0.30109 0.127614 1.52319e-07 3.11146e-07 1.85633e-08 2.80653e-09 4.96016e-10 5.04372e-10 3.55271e-15 2.75474e-15 1.88738e-15 4.16334e-16 1.11022e-16 2.77556e-17 1.38778e-17
threshold=1.0000000180025095e-35 4.5000000000000009 1.0000000180025095e-35 54.000000000000007 4.1098500000000007 22.500000000000004 11.500000000000002 70.500000000000014 32.500000000000007 55.500000000000007 4.7574000000000014 71.500000000000014 13.500000000000002 14.500000000000002 18.500000000000004 17.500000000000004
decision_type=2 2 2 2 2 2 2 2 2 2 2 2 2 2 2 2
left_child=1 2 -1 4 5 14 -5 8 -8 11 -11 -9 -12 -2 15 -4
right_child=13 -3 3 6 -6 -7 7 9 -10 10 12 -13 -14 -15 -16 -17
leaf_value=-0.10008022364074519 -0.10008022364074914 -0.10261513754189032 0.10008022364074823 0.10011635416972137 0.10033460852616612 0.10015353509478771 0.10010343311311783 0.1000801976375395 0.10008022364074383 0.10008016450658759 0.10008020180382766 0.10008022356107182 0.10008022357855578 -0.10008022364074856 0.1000802236407462 0.10008022364074605
leaf_weight=0.032839109364431684 0.78173099365085352 0.083872387185692676 0.075289665372110681 0.022865260951220989 0.079770505428314209 0.045919327531009912 0.019040754996240139 0.029624144779518247 0.018421939399559051 0.018408735340926796 0.018417084822431207 0.64316544908797368 0.016820044664200395 0.14337074576178566 0.032839109364431351 0.031237201590556651
leaf_count=41 976 4 94 23 24 30 19 37 23 23 23 803 21 179 41 39
internal_value=0.000388663 0.0799278 0.0940431 0.100104 0.100169 0.100098 0.100082 0.100081 0.100092 0.10008 0.10008 0.10008 0.10008 -0.10008 0.10008 0.10008
internal_weight=2.09363 1.16853 1.08466 1.05182 0.265056 0.185285 0.786763 0.763898 0.0374627 0.726435 0.0536459 0.67279 0.0352371 0.925102 0.139366 0.106527
internal_count=2400 1245 1241 1200 228 204 972 949 42 907 67 840 44 1155 174 133
is_linear=0
shrinkage=0.1


Tree=65
num_leaves=16
num_cat=0
split_feature=17 11 5 0 16 0 1 0 1 2 16 0 1 1 2
split_gain=1.51362 0.272305 0.115458 1.12791e-07 2.30337e-07 1.37488e-08 2.07882e-09 3.67459e-10 3.73619e-10 3.21965e-15 2.07473e-15 1.66533e-15 4.92661e-16 1.11022e-16 1.11022e-16
threshold=1.0000000180025095e-35 4.5000000000000009 1.0000000180025095e-35 54.000000000000007 4.1098500000000007 22.500000000000004 11.500000000000002 70.500000000000014 32.500000000000007 55.500000000000007 4.7574000000000014 71.500000000000014 13.500000000000002 19.500000000000004 54.500000000000007
decision_type=2 2 2 2 2 2 2 2 2 2 2 2 2 2 2
left_child=1 2 -1 4 5 -4 -5 8 -8 11 -11 -9 -12 -2 -13
right_child=13 -3 3 6 -6 -7 7 9 -10 10 12 14 -14 -15 -16
leaf_value=-0.10007258434396077 -0.10007258434396323 -0.10236217494559746 0.10007258434396259 0.10010527218533061 0.10030265691223716 0.10013890741351686 0.10009358346253001 0.10007255846248445 0.10007258434395738 0.10007252773722448 0.10007255946846449 0.10007258433392184 0.1000725842878849 -0.10007258434396205 0.10007258229368782
leaf_weight=0.029716207704040931 0.76174961699871357 0.076068870723247528 0.12611268635373563 0.020691517507657409 0.072201160714030266 0.041555286152288318 0.017230397555977106 0.026806976762600243 0.01667006773641333 0.016658118925988674 0.016665674920659512 0.56170888186898082 0.015220508386846632 0.075377697590738535 0.020293446024879813
leaf_count=41 1051 4 174 23 24 30 19 37 23 23 23 775 21 104 28
internal_value=0.000389036 0.0799079 0.0940339 0.100094 0.100153 0.100089 0.100074 0.100073 0.100083 0.100073 0.100073 0.100073 0.100073 -0.100073 0.100073
internal_weight=1.89473 1.0576 0.981531 0.951815 0.239869 0.167668 0.711946 0.691254 0.0339005 0.657354 0.0485443 0.608809 0.0318862 0.837127 0.582002
internal_count=2400 1245 1241 1200 228 204 972 949 42 907 67 840 44 1155 803
is_linear=0
shrinkage=0.1


Tree=66
num_leaves=17
num_cat=0
split_feature=17 11 5 0 16 0 1 0 1 2 0 16 1 16 0 16
split_gain=1.36939 0.246284 0.104461 8.35256e-08 1.7055e-07 1.01786e-08 1.53977e-09 2.72114e-10 2.76647e-10 2.44249e-15 1.88738e-15 1.50574e-15 4.54498e-16 2.22045e-16 1.11022e-16 2.77556e-17
threshold=1.0000000180025095e-35 4.5000000000000009 1.0000000180025095e-35 54.000000000000007 4.1098500000000007 22.500000000000004 11.500000000000002 70.500000000000014 32.500000000000007 55.500000000000007 71.500000000000014 4.7574000000000014 13.500000000000002 4.5259500000000008 39.500000000000007 3.6868000000000003
decision_type=2 2 2 2 2 2 2 2 2 2 2 2 2 2 2 2
left_child=1 2 -1 4 5 15 -5 8 -8 10 -9 -11 -13 -12 -2 -4
right_child=14 -3 3 6 -6 -7 7 9 -10 11 13 12 -14 -15 -16 -17
leaf_value=-0.10006567548747258 -0.10006567548747616 -0.10213404445374685 0.1000656754874753 0.10009524839147597 0.10027377801431647 0.10012566373735819 0.10008467087755749 0.10006564621529235 0.10006567548746968 0.10006562336217753 0.10006567548746868 0.10006565034370761 0.10006567543695331 0.10006567530414674 -0.10006567548747525 0.10006567548746997
leaf_weight=0.026890100096352398 0.66307051701005548 0.068975874222815037 0.098378414986655116 0.018724238791037351 0.065348172560334206 0.037605495890602469 0.015592025651130825 0.024257545941509306 0.015084690297953784 0.01507387642050162 0.013117121998220682 0.015080714714713395 0.013772988691926003 0.51353489852044731 0.094443278387188911 0.015740546397864819
leaf_count=41 1011 4 150 23 24 30 19 37 23 23 20 23 21 783 144 24
internal_value=0.000389372 0.0798899 0.0940255 0.100085 0.100139 0.100081 0.100067 0.100066 0.100075 0.100066 0.100066 0.100066 0.100066 0.100066 -0.100066 0.100066
internal_weight=1.71469 0.957177 0.888201 0.861311 0.217073 0.151724 0.644238 0.625514 0.0306767 0.594837 0.55091 0.0439276 0.0288537 0.526652 0.757514 0.114119
internal_count=2400 1245 1241 1200 228 204 972 949 42 907 840 67 44 803 1155 174
is_linear=0
shrinkage=0.1


Tree=67
num_leaves=23
num_cat=0
split_feature=17 11 5 0 16 0 1 0 1 1 2 16 0 0 0 0 16 2 0 16 0 1
split_gain=1.23892 0.222759 0.0945126 6.18565e-08 1.26283e-07 7.53683e-09 1.14061e-09 2.01413e-10 2.04734e-10 2.22045e-15 8.88178e-16 9.71445e-16 6.66134e-16 3.40006e-16 1.11022e-16 5.55112e-17 5.55112e-17 3.46945e-17 1.38778e-17 1.38778e-17 6.93889e-18 6.93889e-18
threshold=1.0000000180025095e-35 4.5000000000000009 1.0000000180025095e-35 54.000000000000007 4.1098500000000007 22.500000000000004 11.500000000000002 70.500000000000014 32.500000000000007 12.500000000000002 54.500000000000007 4.7447500000000007 71.500000000000014 79.500000000000014 22.500000000000004 95.500000000000014 4.7248500000000009 55.500000000000007 18.500000000000004 3.5009500000000005 97.500000000000014 13.500000000000002
decision_type=2 2 2 2 2 2 2 2 2 2 2 2 2 2 2 2 2 2 2 2 2 2
left_child=1 2 -1 4 5 18 -5 8 -8 13 12 -12 -11 -9 21 16 -14 -13 19 -4 -17 -2
right_child=14 -3 3 6 -6 -7 7 9 -10 10 11 17 15 -15 -16 20 -18 -19 -20 -21 -22 -23
leaf_value=-0.1000594259642089 -0.10005942596421032 -0.10192823814290181 0.10005942596420983 0.10008618170552969 0.10024766048565587 0.10011368982279777 0.10007660427362573 0.10005940527953217 0.10005942596420568 0.10005940606592297 0.10005938639474472 0.10005941615049532 0.10005942596421261 0.10005938392927566 -0.10005942596421286 0.10005942596420699 0.10005942596421223 0.10005942154800239 0.1000594259642089 0.1000594259642109 0.1000594259642105 -0.10005942596420898
leaf_weight=0.024332611355930567 0.037389134522527456 0.062531553208827972 0.031454351264983416 0.016943848575465381 0.059144094586372375 0.034030722454190254 0.014109327341429889 0.017800554807763547 0.013650001492351294 0.01720644609304145 0.011863851163070649 0.01424348121508956 0.25756959337741137 0.013048415828961879 0.62315224204212427 0.016617393121123314 0.12878479668870568 0.021365240274462849 0.024332611355930567 0.047478266060352325 0.039763047825545073 0.024926089681684971
leaf_count=41 63 4 53 23 24 30 19 30 23 29 20 24 434 22 1050 28 217 36 41 80 67 42
internal_value=0.000389676 0.0798736 0.094018 0.100077 0.100126 0.100073 0.100061 0.10006 0.100068 0.100059 0.100059 0.100059 0.100059 0.100059 -0.100059 0.100059 0.100059 0.100059 0.100059 0.100059 0.100059 -0.100059
internal_weight=1.55174 0.86627 0.803739 0.779406 0.19644 0.137296 0.582966 0.566022 0.0277593 0.538263 0.507414 0.0474726 0.459941 0.030849 0.685467 0.442735 0.386354 0.0356087 0.103265 0.0789326 0.0563804 0.0623152
internal_count=2400 1245 1241 1200 228 204 972 949 42 907 855 80 775 52 1155 746 651 60 174 133 95 105
is_linear=0
shrinkage=0.1


Tree=68
num_leaves=20
num_cat=0
split_feature=17 11 5 0 16 0 1 0 1 1 0 0 2 16 6 0 16 16 16
split_gain=1.1209 0.201489 0.0855121 4.58155e-08 9.35165e-08 5.58414e-09 8.45219e-10 1.49321e-10 1.51817e-10 1.16573e-15 3.92048e-16 2.77556e-16 3.33067e-16 5.79398e-16 1.11022e-16 5.55112e-17 5.55112e-17 5.55112e-17 3.46945e-18
threshold=1.0000000180025095e-35 4.5000000000000009 1.0000000180025095e-35 54.000000000000007 4.1098500000000007 22.500000000000004 11.500000000000002 70.500000000000014 32.500000000000007 12.500000000000002 79.500000000000014 71.500000000000014 55.500000000000007 4.7738000000000005 33.500000000000007 100.50000000000001 4.8142000000000005 4.7994000000000012 4.6754500000000005
decision_type=2 2 2 2 2 2 2 2 2 2 2 2 2 2 2 2 2 2 2
left_child=1 2 -1 4 5 -4 -5 8 -8 10 -9 -11 15 -14 -2 16 17 -13 -17
right_child=14 -3 3 6 -6 -7 7 9 -10 11 -12 12 13 -15 -16 18 -18 -19 -20
leaf_value=-0.10005376047475248 -0.10005376047475685 -0.10174251520600337 0.10005376047475596 0.10007797354133319 0.10022403829310214 0.10010286138367858 0.10006931105837527 0.10005374881000961 0.10005376047474893 0.10005374626555059 0.10005372486205684 0.10005376047463761 0.10005373100442312 0.10005376045991904 -0.10005376047475212 0.10005376047474926 0.10005376047379758 0.1000537604740775 0.1000537604747477
leaf_weight=0.022018239193130285 0.59986276045674458 0.056678915396332741 0.093443259014748037 0.015332621405832469 0.053527761250734329 0.030795433558523655 0.012767530744895339 0.016107472241856158 0.012351695157121867 0.015569871291518211 0.011807328381109983 0.34155122336233035 0.010735445655882359 0.017722002288792282 0.020407148520462215 0.012888725381344557 0.035981025663204491 0.013962786004412919 0.010740604484453797
leaf_count=41 1117 4 174 23 24 30 19 30 23 29 22 636 20 33 38 24 67 26 20
internal_value=0.000389952 0.0798589 0.0940111 0.10007 0.100114 0.100066 0.100055 0.100054 0.100062 0.100054 0.100054 0.100054 0.100054 0.100054 -0.100054 0.100054 0.100054 0.100054 0.100054
internal_weight=1.40425 0.783982 0.727303 0.705285 0.177766 0.124239 0.527518 0.512186 0.0251192 0.487066 0.0279148 0.459152 0.443582 0.0284574 0.62027 0.415124 0.391495 0.355514 0.0236293
internal_count=2400 1245 1241 1200 228 204 972 949 42 907 52 855 826 53 1155 773 729 662 44
is_linear=0
shrinkage=0.1


Tree=69
num_leaves=17
num_cat=0
split_feature=17 11 5 0 16 0 1 0 1 1 0 0 2 0 0 16
split_gain=1.01412 0.182256 0.0773692 3.39296e-08 6.92436e-08 4.13605e-09 6.2614e-10 1.10617e-10 1.12467e-10 8.32667e-16 2.22045e-16 2.01228e-16 1.66533e-16 1.11022e-16 5.55112e-17 1.38778e-17
threshold=1.0000000180025095e-35 4.5000000000000009 1.0000000180025095e-35 54.000000000000007 4.1098500000000007 22.500000000000004 11.500000000000002 70.500000000000014 32.500000000000007 12.500000000000002 71.500000000000014 79.500000000000014 56.500000000000007 22.500000000000004 103.50000000000001 3.6868000000000003
decision_type=2 2 2 2 2 2 2 2 2 2 2 2 2 2 2 2
left_child=1 2 -1 4 5 15 -5 8 -8 11 -11 -9 14 -2 -12 -4
right_child=13 -3 3 6 -6 -7 7 9 -10 10 12 -13 -14 -15 -16 -17
leaf_value=-0.10004864327077762 -0.10004864327078067 -0.10157488057156827 0.10004864327078128 0.10007055124289484 0.10020266820711216 0.10009306558616987 0.10006271351202652 0.10004863127873516 0.1000486432707737 0.10004862996220716 0.10004864303020994 0.10004861302420004 0.10004863350292487 -0.10004864327078244 0.10004864327077473 0.10004864327077406
leaf_weight=0.019923894084058702 0.051024606800638139 0.051365536637604237 0.072892295429483056 0.013874506548745558 0.04844372346997261 0.02786744968034327 0.011553262709639966 0.014575351262465119 0.011176818632520735 0.014088886207900941 0.37563638418214396 0.010684230976039544 0.013117862516082823 0.51024606800638139 0.012634664541110396 0.011662767268717289
leaf_count=41 105 4 150 23 24 30 19 30 23 29 773 22 27 1050 26 24
internal_value=0.0003902 0.0798455 0.0940049 0.100063 0.100103 0.10006 0.10005 0.100049 0.100056 0.100049 0.100049 0.100049 0.100049 -0.100049 0.100049 0.100049
internal_weight=1.27077 0.709498 0.658132 0.638208 0.160866 0.112423 0.477342 0.463467 0.0227301 0.440737 0.415478 0.0252596 0.401389 0.561271 0.388271 0.0845551
internal_count=2400 1245 1241 1200 228 204 972 949 42 907 855 52 826 1155 799 174
is_linear=0
shrinkage=0.1


Tree=70
num_leaves=16
num_cat=0
split_feature=17 11 5 0 16 0 1 0 1 0 2 16 0 1 16
split_gain=0.917532 0.164865 0.0700022 2.51289e-08 5.1279e-08 3.0624e-09 4.63744e-10 8.19045e-11 8.32648e-11 6.66134e-16 7.21645e-16 4.82253e-16 1.11022e-16 9.02056e-17 1.38778e-17
threshold=1.0000000180025095e-35 4.5000000000000009 1.0000000180025095e-35 54.000000000000007 4.1098500000000007 22.500000000000004 11.500000000000002 70.500000000000014 32.500000000000007 71.500000000000014 55.500000000000007 4.7574000000000014 41.500000000000007 13.500000000000002 3.5746000000000007
decision_type=2 2 2 2 2 2 2 2 2 2 2 2 2 2 2
left_child=1 2 -1 4 5 14 -5 8 -8 -9 -11 -12 -2 -13 -4
right_child=12 -3 3 6 -6 -7 7 9 -10 10 11 13 -14 -15 -16
leaf_value=-0.10004401409615407 -0.1000440140961594 -0.10142352220917097 0.10004401409615765 0.10006383384574669 0.1001833469478669 0.10008419667995039 0.10005674102217268 0.10004399255000151 0.10004401409614974 0.10004401398347902 0.10004398002126157 0.10004400037264416 -0.10004401409615618 0.10004401406202341 0.10004401409615576
leaf_weight=0.018028677324764431 0.47885925869923085 0.046543288975954056 0.050568241276778281 0.01255497251986526 0.043841717764735222 0.025217631482519209 0.010454416391439736 0.016263659112155437 0.010113648255355656 0.35309795499779284 0.010106396191986278 0.010110981937032193 0.029021773254498839 0.0092342077405191958 0.025943706394173205
leaf_count=41 1089 4 115 23 24 30 19 37 23 803 23 23 66 21 59
internal_value=0.000390424 0.0798335 0.0939993 0.100057 0.100093 0.100054 0.100045 0.100044 0.10005 0.100044 0.100044 0.100044 -0.100044 0.100044 0.100044
internal_weight=1.14996 0.64208 0.595536 0.577508 0.145571 0.10173 0.431936 0.419381 0.0205681 0.398813 0.38255 0.0294516 0.507881 0.0193452 0.0765119
internal_count=2400 1245 1241 1200 228 204 972 949 42 907 870 67 1155 44 174
is_linear=0
shrinkage=0.1


Tree=71
num_leaves=17
num_cat=0
split_feature=17 11 5 0 16 0 1 0 1 1 2 0 16 0 0 16
split_gain=0.830148 0.149137 0.0633371 1.86107e-08 3.79714e-08 2.26796e-09 3.43548e-10 6.06225e-11 6.16091e-11 7.77156e-16 3.33067e-16 2.77556e-16 2.22045e-16 1.76942e-16 5.55112e-17 5.55112e-17
threshold=1.0000000180025095e-35 4.5000000000000009 1.0000000180025095e-35 54.000000000000007 4.1098500000000007 22.500000000000004 11.500000000000002 70.500000000000014 32.500000000000007 12.500000000000002 54.500000000000007 71.500000000000014 4.7447500000000007 79.500000000000014 101.50000000000001 4.8553000000000006
decision_type=2 2 2 2 2 2 2 2 2 2 2 2 2 2 2 2
left_child=1 2 -1 4 5 -4 -5 8 -8 13 11 -11 -12 -9 15 -13
right_child=-2 -3 3 6 -6 -7 7 9 -10 10 12 14 -14 -15 -16 -17
leaf_value=-0.10003982724119782 -0.10003982724120374 -0.10128684393932691 0.10003982724120251 0.10005775928224488 0.10016586548347065 0.10007617891752803 0.1000513357824992 0.10003981281032961 0.10003982724119304 0.10003981124743506 0.10003980179132564 0.10003982724120358 0.10003982124213982 0.1000397941047529 0.10003982724119734 0.10003982144827246
leaf_weight=0.016313669824739918 0.45956801579450257 0.042168047279119492 0.069233623158652335 0.011360863718437031 0.039676196873188019 0.02281959168612957 0.0094600322190672159 0.011934286740142852 0.0091515708772931248 0.011535969970282167 0.0079540552396792918 0.27215976000297815 0.023873678495874628 0.008748239983106032 0.015119986666832119 0.0095494658162351698
leaf_count=41 1155 4 174 23 24 30 19 30 23 29 20 684 60 22 38 24
internal_value=0.000390627 0.0798225 0.0939943 0.100052 0.100084 0.100049 0.100041 0.10004 0.100046 0.10004 0.10004 0.10004 0.10004 0.10004 0.10004 0.10004
internal_weight=1.04063 0.581059 0.538891 0.522577 0.131729 0.0920532 0.390848 0.379487 0.0186116 0.360875 0.340193 0.308365 0.0318277 0.0206825 0.296829 0.281709
internal_count=2400 1245 1241 1200 228 204 972 949 42 907 855 775 80 52 746 708
is_linear=0
shrinkage=0.1


Tree=72
num_leaves=15
num_cat=0
split_feature=17 11 5 0 16 0 1 0 1 0 2 0 6 7
split_gain=0.751092 0.134913 0.0573069 1.37852e-08 2.81245e-08 1.68031e-09 2.54651e-10 4.49639e-11 4.57215e-11 2.22045e-16 2.22045e-16 1.14492e-16 1.11022e-16 6.93889e-18
threshold=1.0000000180025095e-35 4.5000000000000009 1.0000000180025095e-35 54.000000000000007 4.1098500000000007 22.500000000000004 11.500000000000002 70.500000000000014 32.500000000000007 71.500000000000014 55.500000000000007 87.500000000000014 31.500000000000004 7.5000000000000009
decision_type=2 2 2 2 2 2 2 2 2 2 2 2 2 2
left_child=1 2 -1 4 5 -4 -5 8 -8 -9 -11 -12 -2 -14
right_child=12 -3 3 6 -6 -7 7 9 -10 10 11 -13 13 -15
leaf_value=-0.10003602788559285 -0.10003602788559936 -0.10116339930407425 0.10003602788559803 0.10005225925029644 0.10015005581571834 0.10006892086083448 0.10004645018923047 0.10003601282075601 0.10003602788558755 0.10003602804569263 0.10003601009336989 0.10003602436351669 -0.10003602788559625 -0.10003602788559372
leaf_weight=0.014761750731850043 0.3694038109970279 0.038199418224394321 0.062647429935168475 0.010280270857037976 0.035905888304114342 0.020649441867135465 0.0085601879982277751 0.013316565804416314 0.0082809821178670973 0.28911405417602509 0.0086357573454733938 0.015478987159440294 0.029523501463700086 0.016922006936511025
leaf_count=41 1026 4 174 23 24 30 19 37 23 803 24 43 82 47
internal_value=0.00039081 0.0798126 0.0939897 0.100047 0.100076 0.100044 0.100037 0.100036 0.100041 0.100036 0.100036 0.100036 -0.100036 -0.100036
internal_weight=0.94168 0.525831 0.487631 0.47287 0.119203 0.0832969 0.353667 0.343387 0.0168412 0.326545 0.313229 0.0241147 0.415849 0.0464455
internal_count=2400 1245 1241 1200 228 204 972 949 42 907 870 67 1155 129
is_linear=0
shrinkage=0.1


Tree=73
num_leaves=16
num_cat=0
split_feature=17 11 5 0 16 0 1 0 1 1 0 2 2 0 16
split_gain=0.679569 0.122048 0.051851 1.02093e-08 2.08255e-08 1.24422e-09 1.88381e-10 3.32483e-11 3.37908e-11 4.996e-16 2.22045e-16 2.22045e-16 5.55112e-17 1.73472e-17 6.93889e-18
threshold=1.0000000180025095e-35 4.5000000000000009 1.0000000180025095e-35 54.000000000000007 4.1098500000000007 22.500000000000004 11.500000000000002 70.500000000000014 32.500000000000007 12.500000000000002 71.500000000000014 56.500000000000007 55.500000000000007 79.500000000000014 3.5009500000000005
decision_type=2 2 2 2 2 2 2 2 2 2 2 2 2 2 2
left_child=1 2 -1 4 5 14 -5 8 -8 13 -11 12 -12 -9 -4
right_child=-2 -3 3 6 -6 -7 7 9 -10 10 11 -13 -14 -15 -16
leaf_value=-0.10003260651184348 -0.1000326065118507 -0.10105188099182286 0.10003260651184681 0.10004728114502393 0.10013575424388628 0.10006236150777686 0.1000420256135183 0.10003259023436128 0.10003260651183761 0.10003259055786967 0.10003260647706756 0.10003259415531572 0.10003259839218802 0.100032583302478 0.10003260651184789
leaf_weight=0.013357418443774804 0.37628825128194876 0.034600467421114445 0.024108511337544769 0.0093024127709213644 0.032493394799530506 0.018685551476664841 0.0077459034218918532 0.0097716368036344647 0.0074931859562639147 0.0094455003272742033 0.25183620714233257 0.0087945045379456133 0.0084692752570845187 0.0071629432786721728 0.032579069375060499
leaf_count=41 1155 4 74 23 24 30 19 30 23 29 773 27 26 22 100
internal_value=0.000390976 0.0798037 0.0939855 0.100042 0.100069 0.10004 0.100033 0.100033 0.100037 0.100033 0.100033 0.100033 0.100033 0.100033 0.100033
internal_weight=0.852134 0.475846 0.441246 0.427888 0.107867 0.0753731 0.320022 0.310719 0.0152391 0.29548 0.278545 0.2691 0.260305 0.0169346 0.0566876
internal_count=2400 1245 1241 1200 228 204 972 949 42 907 855 826 799 52 174
is_linear=0
shrinkage=0.1


Tree=74
num_leaves=13
num_cat=0
split_feature=17 11 5 0 16 0 1 0 1 1 6 0
split_gain=0.614861 0.110413 0.0469148 7.56356e-09 1.54281e-08 9.22277e-10 1.3982e-10 2.46762e-11 2.51023e-11 5.55112e-17 3.64292e-17 6.93889e-18
threshold=1.0000000180025095e-35 4.5000000000000009 1.0000000180025095e-35 54.000000000000007 4.1098500000000007 22.500000000000004 11.500000000000002 70.500000000000014 32.500000000000007 12.500000000000002 54.500000000000007 18.500000000000004
decision_type=2 2 2 2 2 2 2 2 2 2 2 2
left_child=1 2 -1 4 5 11 -5 8 -8 10 -9 -4
right_child=-2 -3 3 6 -6 -7 7 9 -10 -11 -12 -13
leaf_value=-0.10002948922334412 -0.10002948922335209 -0.10095111829891544 0.10002948922334985 0.10004278169671593 0.10012281930643903 0.1000564198171373 0.10003802364334893 0.10002948794318973 0.10002948922333764 0.10002948956930509 0.10002947836666042 0.10002948922334412
leaf_weight=0.012086648610420525 0.34048973524477333 0.031337456777691841 0.039207908906973898 0.0084175307129044086 0.029404845088720322 0.016908338293433189 0.0070090494409669191 0.0088420031243003905 0.0067803150741383433 0.2520458135404624 0.0064814899233169862 0.012086648610420525
leaf_count=41 1155 4 133 23 24 30 19 30 23 855 22 41
internal_value=0.000391126 0.0797956 0.0939818 0.100038 0.100062 0.100036 0.10003 0.10003 0.100034 0.100029 0.100029 0.100029
internal_weight=0.771098 0.430608 0.399271 0.387184 0.0976077 0.0682029 0.289576 0.281159 0.0137894 0.267369 0.0153235 0.0512946
internal_count=2400 1245 1241 1200 228 204 972 949 42 907 52 174
is_linear=0
shrinkage=0.1


Tree=75
num_leaves=15
num_cat=0
split_feature=17 11 5 0 16 0 1 0 1 1 16 2 1 2
split_gain=0.556318 0.0998883 0.0424487 5.60219e-09 1.14261e-08 6.83063e-10 1.03495e-10 1.82774e-11 1.85889e-11 1.38778e-16 8.32667e-17 4.33681e-17 2.77556e-17 3.46945e-18
threshold=1.0000000180025095e-35 4.5000000000000009 1.0000000180025095e-35 54.000000000000007 4.1098500000000007 22.500000000000004 11.500000000000002 70.500000000000014 32.500000000000007 12.500000000000002 4.8553000000000006 49.500000000000007 44.500000000000007 53.500000000000007
decision_type=2 2 2 2 2 2 2 2 2 2 2 2 2 2
left_child=1 2 -1 4 5 -4 -5 8 -8 11 12 -9 -11 -12
right_child=-2 -3 3 6 -6 -7 7 9 -10 10 13 -13 -14 -15
leaf_value=-0.10002668716682406 -0.10002668716683288 -0.10086006952791818 0.10002668716683105 0.1000387091188486 0.1001111200826596 0.1000510512878772 0.10003440779090185 0.10002668121742642 0.1000266871668169 0.1000266868285052 0.10002669641897391 0.10002667000906842 0.100026687166832 0.10002669370585396
leaf_weight=0.010936742590274662 0.30809604126261547 0.028379598632454872 0.046414468553848565 0.0076167909137438974 0.026609555818140507 0.015300076338462532 0.0063422679959330708 0.0080007884243968874 0.0061352458433248103 0.13310384919168428 0.0066685056372079998 0.0058648508857004353 0.082959193794522434 0.0053349978406913579
leaf_count=41 1155 4 174 23 24 30 19 30 23 499 25 22 311 20
internal_value=0.000391262 0.0797882 0.0939784 0.100035 0.100056 0.100033 0.100027 0.100027 0.100031 0.100027 0.100027 0.100027 0.100027 0.100027
internal_weight=0.697763 0.389667 0.361287 0.350351 0.0883241 0.0617145 0.262026 0.25441 0.0124775 0.241932 0.228067 0.0138656 0.216063 0.0120035
internal_count=2400 1245 1241 1200 228 204 972 949 42 907 855 52 810 45
is_linear=0
shrinkage=0.1


Tree=76
num_leaves=14
num_cat=0
split_feature=17 11 5 0 16 0 1 0 1 0 2 0 16
split_gain=0.503352 0.0903686 0.0384078 4.15016e-09 8.46452e-09 5.05933e-10 7.67316e-11 1.35512e-11 1.37828e-11 8.32667e-17 2.77556e-17 6.93889e-18 3.46945e-18
threshold=1.0000000180025095e-35 4.5000000000000009 1.0000000180025095e-35 54.000000000000007 4.1098500000000007 22.500000000000004 11.500000000000002 70.500000000000014 32.500000000000007 71.500000000000014 56.500000000000007 16.500000000000004 3.5655000000000006
decision_type=2 2 2 2 2 2 2 2 2 2 2 2 2
left_child=1 2 -1 4 5 11 -5 8 -8 -9 -11 -4 -13
right_child=-2 -3 3 6 -6 -7 7 9 -10 10 -12 12 -14
leaf_value=-0.10002414557228881 -0.10002414557229854 -0.10077778417814139 0.10002414557229028 0.10003502768152606 0.10010053984034346 0.10004618868024712 0.10003113439165803 0.10002413917943292 0.10002414557228088 0.10002414581024961 0.10002413952417775 0.10002414557229045 0.10002414557229351
leaf_weight=0.0098962128977291286 0.27878355846041813 0.025698823388665915 0.011585810221731663 0.0068921983474865547 0.024079738184809685 0.013844720378983766 0.0057388995483051986 0.0089273669436806813 0.0055515340645797551 0.20178366373875178 0.0082035477098543197 0.011827181268017739 0.018585570564027876
leaf_count=41 1155 4 48 23 24 30 19 37 23 836 34 49 77
internal_value=0.000391384 0.0797816 0.0939753 0.100031 0.100051 0.10003 0.100025 0.100024 0.100028 0.100024 0.100024 0.100024 0.100024
internal_weight=0.631399 0.352615 0.326916 0.31702 0.079923 0.0558433 0.237097 0.230205 0.0112904 0.218915 0.209987 0.0419986 0.0304128
internal_count=2400 1245 1241 1200 228 204 972 949 42 907 870 174 126
is_linear=0
shrinkage=0.1


Tree=77
num_leaves=17
num_cat=0
split_feature=17 11 5 0 16 0 1 0 1 0 0 2 2 0 2 2
split_gain=0.45543 0.0817574 0.0347518 3.07366e-09 6.26744e-09 3.74936e-10 5.68056e-11 1.00347e-11 1.02059e-11 5.55112e-17 5.55112e-17 2.77556e-17 2.77556e-17 6.93889e-18 6.93889e-18 1.73472e-18
threshold=1.0000000180025095e-35 4.5000000000000009 1.0000000180025095e-35 54.000000000000007 4.1098500000000007 22.500000000000004 11.500000000000002 70.500000000000014 32.500000000000007 41.500000000000007 71.500000000000014 55.500000000000007 53.500000000000007 18.500000000000004 54.500000000000007 56.500000000000007
decision_type=2 2 2 2 2 2 2 2 2 2 2 2 2 2 2 2
left_child=1 2 -1 4 5 13 -5 8 -8 -2 -9 12 -12 -4 -14 -13
right_child=9 -3 3 6 -6 -7 7 10 -10 -11 11 15 14 -15 -16 -17
leaf_value=-0.10002184722955493 -0.10002184722956567 -0.10070340202944493 0.10002184722956264 0.10003169026230241 0.10009095366523516 0.10004179579606116 0.10002816946005909 0.10002184194626157 0.10002184722954617 -0.10002184722955915 0.1000218474208918 0.10002184202893408 0.10002184721746146 0.10002184722955493 0.1000218525809996 0.10002184206958278
leaf_weight=0.008954659104347229 0.23784448206424713 0.023269558325409889 0.029048040509223938 0.0062365162739297366 0.021790226921439171 0.012527743529062718 0.0051929171604570001 0.0080779917479958385 0.0050233453512191772 0.014414817094802856 0.16489679260121193 0.0072052604809869081 0.0043681288079824299 0.008954659104347229 0.0061152111884439364 0.0074230387544957921
leaf_count=41 1089 4 133 23 24 30 19 37 23 66 755 33 20 41 28 34
internal_value=0.000391495 0.0797756 0.0939725 0.100028 0.100046 0.100027 0.100022 0.100022 0.100025 -0.100022 0.100022 0.100022 0.100022 0.100022 0.100022 0.100022
internal_weight=0.571343 0.319084 0.295815 0.28686 0.0723207 0.0505304 0.214539 0.208303 0.0102163 0.252259 0.198086 0.190008 0.17538 0.0380027 0.0104833 0.0146283
internal_count=2400 1245 1241 1200 228 204 972 949 42 1155 907 870 803 174 48 67
is_linear=0
shrinkage=0.1


Tree=78
num_leaves=15
num_cat=0
split_feature=17 11 5 0 16 0 1 0 1 1 0 1 0 1
split_gain=0.412073 0.0739677 0.0314438 2.27623e-09 4.64192e-09 2.7743e-10 4.20797e-11 7.43328e-12 7.55764e-12 8.32667e-17 2.77556e-17 2.77556e-17 1.04083e-17 1.73472e-18
threshold=1.0000000180025095e-35 4.5000000000000009 1.0000000180025095e-35 54.000000000000007 4.1098500000000007 22.500000000000004 11.500000000000002 70.500000000000014 32.500000000000007 12.500000000000002 102.50000000000001 14.500000000000002 79.500000000000014 15.500000000000002
decision_type=2 2 2 2 2 2 2 2 2 2 2 2 2 2
left_child=1 2 13 4 5 -4 -5 8 -8 12 -11 -2 -9 -1
right_child=11 -3 3 6 -6 -7 7 9 -10 10 -12 -13 -14 -15
leaf_value=-0.10001977061227388 -0.10001977061229805 -0.10063617077227685 0.10001977061229628 0.10002867605630972 0.10008228915608369 0.10003780982159492 0.10002548996360748 0.10001976501028711 0.10001977061227718 0.10001977034250019 0.10001977061228287 -0.10001977061229846 0.10001975878962421 -0.10001977061227507
leaf_weight=0.0039525222382508218 0.089524628696381114 0.021068518050014973 0.03438694347278215 0.0056431948469253248 0.019718233030289412 0.011335999297443777 0.0046988652320578694 0.0059275187668390572 0.0045454005739884451 0.16284054452262353 0.006126409469288773 0.13873353056260385 0.0043450733064673841 0.0041501483501633629
leaf_count=20 453 4 174 23 24 30 19 30 23 824 31 702 22 21
internal_value=0.000391594 0.0797701 0.09397 0.100026 0.100042 0.100024 0.10002 0.10002 0.100023 0.10002 0.10002 -0.10002 0.10002 -0.10002
internal_weight=0.516998 0.288739 0.267671 0.259568 0.0654412 0.0457229 0.194127 0.188484 0.00924427 0.17924 0.168967 0.228258 0.0102726 0.00810267
internal_count=2400 1245 1241 1200 228 204 972 949 42 907 855 1155 52 41
is_linear=0
shrinkage=0.1


Tree=79
num_leaves=13
num_cat=0
split_feature=17 11 5 0 16 0 1 0 1 6 0 0
split_gain=0.372845 0.0669211 0.0284508 1.68706e-09 3.43983e-09 2.05753e-10 3.11918e-11 5.51309e-12 5.60654e-12 5.55112e-17 2.77556e-17 3.46945e-18
threshold=1.0000000180025095e-35 4.5000000000000009 1.0000000180025095e-35 54.000000000000007 4.1098500000000007 22.500000000000004 11.500000000000002 70.500000000000014 32.500000000000007 34.500000000000007 96.500000000000014 17.500000000000004
decision_type=2 2 2 2 2 2 2 2 2 2 2 2
left_child=1 2 -1 4 5 11 -5 8 -8 -2 -9 -4
right_child=9 -3 3 6 -6 -7 7 10 -10 -11 -12 -13
leaf_value=-0.10001788649350288 -0.10001788649351602 -0.10057539368200884 0.10001788649351058 0.10002594708031037 0.10007446406969107 0.10003421781562366 0.10002306507995876 0.1000178861058718 0.10001788649349219 -0.10001788649348992 0.10001788649350954 0.10001788649350954
leaf_weight=0.0073317304777447126 0.20278493565274402 0.01907451800070703 0.016809333290439099 0.0051063060382148242 0.017843120265752077 0.010257586254738271 0.0042518069385550916 0.14787972913472913 0.0041129219753202051 0.0037552765861619255 0.014305815566331148 0.014305815566331148
leaf_count=41 1134 4 94 23 24 30 19 827 23 21 80 80
internal_value=0.000391685 0.0797652 0.0939678 0.100023 0.100038 0.100022 0.100018 0.100018 0.100021 -0.100018 0.100018 0.100018
internal_weight=0.467819 0.261279 0.242204 0.234872 0.0592159 0.0413727 0.175657 0.17055 0.00836473 0.20654 0.162186 0.0311151
internal_count=2400 1245 1241 1200 228 204 972 949 42 1155 907 174
is_linear=0
shrinkage=0.1


Tree=80
num_leaves=20
num_cat=0
split_feature=17 11 5 0 16 0 1 0 1 0 0 2 2 16 2 16 16 16 16
split_gain=0.337353 0.0605464 0.0257428 1.24941e-09 2.54662e-09 1.52472e-10 2.30712e-11 4.0758e-12 4.14239e-12 5.55112e-17 4.33681e-17 2.77556e-17 2.77556e-17 2.77556e-17 1.38778e-17 6.93889e-18 3.46945e-18 1.73472e-18 1.73472e-18
threshold=1.0000000180025095e-35 4.5000000000000009 1.0000000180025095e-35 54.000000000000007 4.1098500000000007 22.500000000000004 11.500000000000002 70.500000000000014 32.500000000000007 72.500000000000014 71.500000000000014 56.500000000000007 55.500000000000007 4.2466500000000007 54.500000000000007 3.4673500000000002 3.5655000000000006 4.2730500000000005 3.6868000000000003
decision_type=2 2 2 2 2 2 2 2 2 2 2 2 2 2 2 2 2 2 2
left_child=1 2 -1 4 5 15 -5 8 -8 10 -9 12 14 -2 -11 -4 -17 -15 -18
right_child=13 -3 3 6 -6 -7 7 9 -10 11 -12 -13 -14 17 -16 16 18 -19 -20
leaf_value=-0.10001618797329204 -0.10001618797330657 -0.10052043532117183 0.10001618797329609 0.10002347494001299 0.10006736513798982 0.10003096721077387 0.1000208674801504 0.10001617607579281 0.10001618797328023 0.10001618797111261 0.10001618796924411 0.10001618159065873 0.10001617998648592 -0.10001618797328837 0.10001618744806361 0.10001618797329204 0.10001618797329546 -0.10001618797327901 0.10001618797328134
leaf_weight=0.006634130928432568 0.17798887856770307 0.017268293770030141 0.009061251999810338 0.0046204850950743994 0.016146209556609392 0.0092817345284856856 0.0038472741143777958 0.0059846450021723285 0.003721585642779246 0.11876714052050374 0.0066341325873509049 0.005499417762621305 0.0053380750614451236 0.005339666357031092 0.0045305033127078778 0.006634130928432568 0.0085758277855347842 0.0035597775713540614 0.0038833937142044314
leaf_count=41 1100 4 56 23 24 30 19 37 23 734 41 34 33 33 28 41 53 22 24
internal_value=0.000391767 0.0797608 0.0939657 0.100021 0.100034 0.10002 0.100017 0.100016 0.100019 0.100016 0.100016 0.100016 0.100016 -0.100016 0.100016 0.100016 0.100016 -0.100016 0.100016
internal_weight=0.423317 0.236428 0.21916 0.212526 0.0535825 0.0374363 0.158943 0.154323 0.00756886 0.146754 0.0126188 0.134135 0.128636 0.186888 0.123298 0.0281546 0.0190934 0.00889944 0.0124592
internal_count=2400 1245 1241 1200 228 204 972 949 42 907 78 829 795 1155 762 174 118 55 77
is_linear=0
shrinkage=0.1


Tree=81
num_leaves=13
num_cat=0
split_feature=17 11 5 0 16 0 1 0 1 0 0 16
split_gain=0.30524 0.0547795 0.0232926 9.25821e-10 1.88721e-09 1.13021e-10 1.71279e-11 3.02308e-12 3.07566e-12 2.77556e-17 2.77556e-17 3.46945e-18
threshold=1.0000000180025095e-35 4.5000000000000009 1.0000000180025095e-35 54.000000000000007 4.1098500000000007 22.500000000000004 11.500000000000002 70.500000000000014 32.500000000000007 41.500000000000007 103.50000000000001 3.4673500000000002
decision_type=2 2 2 2 2 2 2 2 2 2 2 2
left_child=1 2 -1 4 5 11 -5 8 -8 -2 -9 -4
right_child=9 -3 3 6 -6 -7 7 10 -10 -11 -12 -13
leaf_value=-0.10001464015918243 -0.10001464015919843 -0.1004707526424133 0.10001464015918687 0.10002124169036858 0.10006095425389733 0.10002801678677349 0.10001887907326178 0.10001464034750861 0.10001464015916937 -0.10001464015918873 0.10001464015917282 0.10001464015919329
leaf_weight=0.0060028979496564707 0.15944282602868043 0.015632332302629948 0.0081990801263600588 0.0041808764653978861 0.014610583428293467 0.0083986957906745374 0.0034812233061529687 0.12898366368608549 0.003367479337612167 0.0096632015774957836 0.0038067157729528836 0.017276633123401552
leaf_count=41 1089 4 56 23 24 30 19 881 23 66 26 118
internal_value=0.000391842 0.0797567 0.0939638 0.100019 0.100031 0.100018 0.100015 0.100015 0.100017 -0.100015 0.100015 0.100015
internal_weight=0.383046 0.21394 0.198308 0.192305 0.048485 0.0338744 0.14382 0.139639 0.0068487 0.169106 0.13279 0.0254757
internal_count=2400 1245 1241 1200 228 204 972 949 42 1155 907 174
is_linear=0
shrinkage=0.1


Tree=82
num_leaves=11
num_cat=0
split_feature=17 11 5 0 16 0 1 0 1 0
split_gain=0.276185 0.0495624 0.0210756 6.85902e-10 1.39848e-09 8.36459e-11 1.26868e-11 2.24246e-12 2.28148e-12 1.38778e-17
threshold=1.0000000180025095e-35 4.5000000000000009 1.0000000180025095e-35 54.000000000000007 4.1098500000000007 22.500000000000004 11.500000000000002 70.500000000000014 32.500000000000007 103.50000000000001
decision_type=2 2 2 2 2 2 2 2 2 2
left_child=1 2 -1 4 5 -4 -5 8 -8 -9
right_child=-2 -3 3 6 -6 -7 7 9 -10 -11
leaf_value=-0.1000132468938541 -0.10001324689387187 -0.1004258212885235 0.10001324689386817 0.10001921978450266 0.10005515690659871 0.10002534448857162 0.10001708490084769 0.10001324707814814 0.10001324689383968 0.10001324689384349
leaf_weight=0.0054317186150001353 0.15301548781280871 0.014150725910440087 0.023051683878293261 0.0037830860965186721 0.01322092954069376 0.0075996463419869533 0.003149994750856421 0.11671079065126833 0.0030470616620732471 0.0034445044875610611
leaf_count=41 1155 4 174 23 24 30 19 881 23 26
internal_value=0.000391908 0.0797531 0.0939621 0.100017 0.100028 0.100016 0.100014 0.100013 0.100015 0.100013
internal_weight=0.346606 0.19359 0.179439 0.174008 0.0438723 0.0306513 0.130135 0.126352 0.00619706 0.120155
internal_count=2400 1245 1241 1200 228 204 972 949 42 907
is_linear=0
shrinkage=0.1


Tree=83
num_leaves=13
num_cat=0
split_feature=17 11 5 0 16 0 1 0 1 0 8 16
split_gain=0.249896 0.0448424 0.0190697 5.07838e-10 1.03536e-09 6.19309e-11 9.407e-12 1.65526e-12 1.68376e-12 2.77556e-17 2.77556e-17 2.77556e-17
threshold=1.0000000180025095e-35 4.5000000000000009 1.0000000180025095e-35 54.000000000000007 4.1098500000000007 22.500000000000004 11.500000000000002 70.500000000000014 32.500000000000007 21.500000000000004 1.5000000000000002 4.2466500000000007
decision_type=2 2 2 2 2 2 2 2 2 2 2 2
left_child=1 2 -1 4 5 -4 -5 8 -8 -2 -9 -11
right_child=9 -3 3 6 -6 -7 7 10 -10 11 -12 -13
leaf_value=-0.1000119874856516 -0.1000119874856549 -0.10038518316657929 0.10001198748566714 0.10001739400691222 0.10004989649949472 0.10002293059183916 0.10001545365219051 0.10001198674578682 0.10001198748563565 -0.10001198748567114 0.10001198765499038 -0.10001198748565676
leaf_weight=0.0049148811012855722 0.0058738822917803182 0.012809025589376688 0.020858275893260725 0.0034231371610076158 0.011963388416916132 0.0068766019830945871 0.002850277174729853 0.019178354792529717 0.0027571284226723947 0.12598878140124725 0.089543953974498436 0.0065931331846513777
leaf_count=41 49 4 174 23 24 30 19 160 23 1051 747 55
internal_value=0.000391969 0.0797498 0.0939606 0.100016 0.100025 0.100015 0.100012 0.100012 0.100014 -0.100012 0.100012 -0.100012
internal_weight=0.313631 0.175175 0.162366 0.157451 0.0396983 0.0277349 0.117753 0.11433 0.00560741 0.138456 0.108722 0.132582
internal_count=2400 1245 1241 1200 228 204 972 949 42 1155 907 1106
is_linear=0
shrinkage=0.1


Tree=84
num_leaves=23
num_cat=0
split_feature=17 11 5 0 16 0 1 0 1 0 0 0 1 0 0 1 6 6 16 16 16 1
split_gain=0.22611 0.0405723 0.0172547 3.76282e-10 7.66924e-10 4.59255e-11 6.96486e-12 1.22821e-12 1.249e-12 2.77556e-17 1.38778e-17 1.38778e-17 1.38778e-17 3.46945e-18 3.46945e-18 3.46945e-18 1.73472e-18 1.73472e-18 1.73472e-18 1.73472e-18 1.73472e-18 8.67362e-19
threshold=1.0000000180025095e-35 4.5000000000000009 1.0000000180025095e-35 54.000000000000007 4.1098500000000007 22.500000000000004 11.500000000000002 70.500000000000014 32.500000000000007 40.500000000000007 24.500000000000004 80.500000000000014 14.500000000000002 22.500000000000004 71.500000000000014 39.500000000000007 34.500000000000007 32.500000000000007 3.9699000000000004 3.7582500000000008 4.6854500000000012 15.500000000000002
decision_type=2 2 2 2 2 2 2 2 2 2 2 2 2 2 2 2 2 2 2 2 2 2
left_child=1 2 21 4 5 -4 -5 8 -8 10 13 12 14 -2 -9 -14 17 -11 19 -15 -17 -1
right_child=9 -3 3 6 -6 -7 7 11 -10 16 -12 -13 15 18 -16 20 -18 -19 -20 -21 -22 -23
leaf_value=-0.10001084665336224 -0.10001084665339953 -0.10034844731650783 0.10001084665340301 0.10001573708861132 0.10004514700650291 0.10002075325181786 0.10001398501372072 0.10001084290826245 0.10001084665336822 -0.10001084665338687 -0.10001084665340719 0.10001084653358371 0.10001084664913157 -0.10001084665339795 0.10001084664637538 0.1000108466533895 -0.10001084665336435 -0.1000108466533795 -0.10001084665336986 -0.10001084665336216 0.10001084665336989 -0.1000108466533644
leaf_weight=0.0021693739108741275 0.011389213032089174 0.011594113195315003 0.018873553024604917 0.0030974312685430041 0.010825408855453134 0.0062223355052992693 0.0025790734071051693 0.0035779520549112922 0.0024947799975052476 0.0046641539083793759 0.089052799041382968 0.06280084863101365 0.0095452489622402936 0.0096537139033898711 0.014534814617945813 0.0053149660816416144 0.0022778426064178356 0.0034709982573986053 0.0026032486930489549 0.0021693739108741292 0.002603248693048954 0.0022778426064178348
leaf_count=20 105 4 174 23 24 30 19 33 23 43 821 579 88 89 134 49 21 32 24 20 24 21
internal_value=0.000392023 0.0797468 0.0939592 0.100014 0.100023 0.100013 0.100011 0.100011 0.100012 -0.100011 -0.100011 0.100011 0.100011 -0.100011 0.100011 0.100011 -0.100011 -0.100011 -0.100011 -0.100011 0.100011 -0.100011
internal_weight=0.283792 0.158511 0.146917 0.14247 0.0359213 0.0250959 0.106548 0.103451 0.00507385 0.125281 0.114868 0.0983771 0.0355762 0.0258155 0.0181128 0.0174635 0.010413 0.00813515 0.0144263 0.0118231 0.00791821 0.00444722
internal_count=2400 1245 1241 1200 228 204 972 949 42 1155 1059 907 328 238 167 161 96 75 133 109 73 41
is_linear=0
shrinkage=0.1


Tree=85
num_leaves=13
num_cat=0
split_feature=17 11 5 0 16 0 1 0 1 0 16 7
split_gain=0.204589 0.0367091 0.0156125 2.78693e-10 5.68242e-10 3.39673e-11 5.16066e-12 9.098e-13 9.25499e-13 1.38778e-17 3.46945e-18 1.73472e-18
threshold=1.0000000180025095e-35 4.5000000000000009 1.0000000180025095e-35 54.000000000000007 4.1098500000000007 22.500000000000004 11.500000000000002 70.500000000000014 32.500000000000007 40.500000000000007 3.4673500000000002 8.5000000000000018
decision_type=2 2 2 2 2 2 2 2 2 2 2 2
left_child=1 2 -1 4 5 10 -5 8 -8 -2 -4 -11
right_child=9 -3 3 6 -6 -7 7 -9 -10 11 -12 -13
leaf_value=-0.10000981519483088 -0.10000981519485475 -0.10031521068435714 0.10000981519483754 0.10001424084926268 0.10004085146459217 0.10001877172004869 0.10001265521315393 0.10000981523706881 0.10000981519481141 -0.10000981519484094 0.10000981519484708 -0.10000981519481798
leaf_weight=0.0040240472953882991 0.1039381972150295 0.010494086658582091 0.0054962597205303601 0.0028027115695294915 0.0097956347744911909 0.0056303077144548288 0.0023336716258199877 0.089016133424593136 0.0022573923852178268 0.0067721771556534804 0.011581404411117546 0.0026499823652557097
leaf_count=41 1059 4 56 23 24 30 19 907 23 69 118 27
internal_value=0.000392073 0.0797441 0.093958 0.100013 0.100021 0.100012 0.10001 0.10001 0.100011 -0.10001 0.10001 -0.10001
internal_weight=0.256792 0.143432 0.132938 0.128914 0.0325036 0.022708 0.0964099 0.0936072 0.00459106 0.11336 0.0170777 0.00942216
internal_count=2400 1245 1241 1200 228 204 972 949 42 1155 174 96
is_linear=0
shrinkage=0.1


Tree=86
num_leaves=14
num_cat=0
split_feature=17 11 5 0 16 0 1 0 1 0 0 0 16
split_gain=0.185116 0.0332138 0.0141266 2.0645e-10 4.20748e-10 2.52081e-11 3.82086e-12 6.73378e-13 6.85184e-13 2.77556e-17 5.20417e-18 1.12757e-17 3.46945e-18
threshold=1.0000000180025095e-35 4.5000000000000009 1.0000000180025095e-35 54.000000000000007 4.1098500000000007 22.500000000000004 11.500000000000002 70.500000000000014 32.500000000000007 91.500000000000014 96.500000000000014 101.50000000000001 3.6868000000000003
decision_type=2 2 2 2 2 2 2 2 2 2 2 2 2
left_child=1 2 -1 4 5 12 -5 8 -8 -9 -11 -12 -4
right_child=-2 -3 3 6 -6 -7 7 9 -10 10 11 -13 -14
leaf_value=-0.10000888108050184 -0.1000088810805283 -0.10028516422168923 0.10000888108052178 0.10001288454250984 0.10003695856392235 0.10001699237526251 0.10001144999334868 0.10000888087766135 0.10000888108048032 0.1000088810805132 0.10000888927410947 0.10000888108049964 0.10000888108048232
leaf_weight=0.0036411409528227514 0.10257360489049461 0.0094981428701430559 0.013321247388375923 0.002536030900955665 0.0088637836743146181 0.0050945993280038229 0.0021116175630595526 0.067224597070890013 0.0020425912662176415 0.0062165821145754308 0.0037299489631550387 0.0033747160050552338 0.0021313995821401486
leaf_count=41 1155 4 150 23 24 30 19 757 23 70 42 38 24
internal_value=0.000392118 0.0797417 0.0939569 0.100012 0.100019 0.100011 0.100009 0.100009 0.10001 0.100009 0.100009 0.100009 0.100009
internal_weight=0.23236 0.129786 0.120288 0.116647 0.029411 0.0205472 0.0872361 0.0847001 0.00415421 0.0805458 0.0133212 0.00710466 0.0154526
internal_count=2400 1245 1241 1200 228 204 972 949 42 907 150 80 174
is_linear=0
shrinkage=0.1


Tree=87
num_leaves=15
num_cat=0
split_feature=17 11 5 0 16 0 1 0 1 2 0 0 2 0
split_gain=0.167497 0.0300516 0.0127821 1.52895e-10 3.11659e-10 1.8625e-11 2.82788e-12 4.98157e-13 5.0572e-13 2.77556e-17 2.77556e-17 1.38778e-17 1.38778e-17 1.73472e-18
threshold=1.0000000180025095e-35 4.5000000000000009 1.0000000180025095e-35 54.000000000000007 4.1098500000000007 22.500000000000004 11.500000000000002 70.500000000000014 32.500000000000007 56.500000000000007 71.500000000000014 21.500000000000004 55.500000000000007 18.500000000000004
decision_type=2 2 2 2 2 2 2 2 2 2 2 2 2 2
left_child=1 2 -1 4 5 13 -5 8 -8 10 -9 -2 -12 -4
right_child=11 -3 3 6 -6 -7 7 9 -10 -11 12 -13 -14 -15
leaf_value=-0.10000804035967799 -0.10000804035968294 -0.10025797343217538 0.10000804035969897 0.1000116597456896 0.1000334417053473 0.10001536995711953 0.10001036049526141 0.10000803237157702 0.10000804035965422 0.10000802898095634 0.10000804020833967 -0.10000804035970719 0.10000803287648284 0.10000804035967792
leaf_weight=0.0032946668361546463 0.0039375286578433579 0.008596487226895988 0.010687577785574831 0.0022947223333176217 0.0080205509439110756 0.0046098550956230602 0.0019106902982457532 0.0029721165410592212 0.001848227737355046 0.0027311412341077803 0.064527203234320041 0.088875646848464385 0.0026510145762586026 0.003294666836154648
leaf_count=41 49 4 133 23 24 30 19 37 23 34 803 1106 33 41
internal_value=0.000392158 0.0797395 0.0939558 0.10001 0.100017 0.10001 0.100008 0.100008 0.100009 0.100008 0.100008 -0.100008 0.100008 0.100008
internal_weight=0.210252 0.117439 0.108842 0.105548 0.0266127 0.0185921 0.0789351 0.0766404 0.00375892 0.0728815 0.0701503 0.0928132 0.0671782 0.0139822
internal_count=2400 1245 1241 1200 228 204 972 949 42 907 873 1155 836 174
is_linear=0
shrinkage=0.1


Tree=88
num_leaves=10
num_cat=0
split_feature=17 11 5 0 16 0 1 0 1
split_gain=0.151555 0.0271905 0.0115656 1.1328e-10 2.30879e-10 1.38074e-11 2.09079e-12 3.68164e-13 3.73973e-13
threshold=1.0000000180025095e-35 4.5000000000000009 1.0000000180025095e-35 54.000000000000007 4.1098500000000007 22.500000000000004 11.500000000000002 70.500000000000014 32.500000000000007
decision_type=2 2 2 2 2 2 2 2 2
left_child=1 2 -1 4 5 -4 -5 8 -8
right_child=-2 -3 3 6 -6 -7 7 -9 -10
leaf_value=-0.10000727483627768 -0.10000727483631 -0.10023338624184304 0.10000727483630328 0.10001054684404127 0.100030259102211 0.1000139092131081 0.100009372284276 0.10000727411905384 0.10000727483625138
leaf_weight=0.002981159428600221 0.083981442439835519 0.0077802342129871241 0.012651749770157039 0.0020763725187862283 0.0072575141675770274 0.0041712270467542103 0.0017288802846451281 0.065946363960392773 0.0016723577282391489
leaf_count=41 1155 4 174 23 24 30 19 907 23
internal_value=0.000392195 0.0797375 0.0939549 0.100009 0.100015 0.100009 0.100007 0.100007 0.100008
internal_weight=0.190247 0.106266 0.0984856 0.0955045 0.0240805 0.016823 0.071424 0.0693476 0.00340124
internal_count=2400 1245 1241 1200 228 204 972 949 42
is_linear=0
shrinkage=0.1


Tree=89
num_leaves=19
num_cat=0
split_feature=17 11 5 0 16 0 1 0 1 0 8 2 16 0 0 2 16 16
split_gain=0.137131 0.024602 0.0104649 8.39177e-11 1.71051e-10 1.0233e-11 1.55367e-12 2.73531e-13 2.78131e-13 1.38778e-17 1.38778e-17 6.93889e-18 6.93889e-18 1.73472e-18 1.73472e-18 1.73472e-18 3.46945e-18 8.67362e-19
threshold=1.0000000180025095e-35 4.5000000000000009 1.0000000180025095e-35 54.000000000000007 4.1098500000000007 22.500000000000004 11.500000000000002 70.500000000000014 32.500000000000007 21.500000000000004 1.5000000000000002 50.500000000000007 4.6113000000000008 18.500000000000004 17.500000000000004 54.500000000000007 4.7447500000000007 4.8408500000000005
decision_type=2 2 2 2 2 2 2 2 2 2 2 2 2 2 2 2 2 2
left_child=1 2 -1 4 5 13 -5 8 -8 -2 -9 12 -12 14 -4 -13 -17 -18
right_child=9 -3 3 6 -6 -7 7 10 -10 -11 11 15 -14 -15 -16 16 17 -19
leaf_value=-0.10000658009833929 -0.10000658009834536 -0.10021114477716984 0.10000658009836016 0.10000954573798913 0.10002737787011412 0.10001258433991907 0.10000848165471127 0.10000658011795836 0.10000658009831026 -0.10000658009837499 0.10000658009793927 0.10000658078494436 0.10000658009739645 0.10000658009833924 0.10000658009833736 0.10000657452531481 0.10000657906273965 0.1000065793396514
leaf_weight=0.002697482254006899 0.0032238202547887332 0.0070413301000371567 0.006184471509186551 0.0018787974113365627 0.0065670493058860293 0.0037743299617432067 0.0015643688238924361 0.010525844074436463 0.0015132217522477731 0.072766228608088568 0.0088819543379941024 0.002105353465594817 0.031909246034047101 0.0026974822540069008 0.0025658977538114414 0.0015780284302309155 0.0030918377597117797 0.0015788643140695058
leaf_count=41 49 4 94 23 24 30 19 160 23 1106 135 32 485 41 39 24 47 24
internal_value=0.000392229 0.0797356 0.0939541 0.100009 0.100014 0.100008 0.100007 0.100007 0.100008 -0.100007 0.100007 0.100007 0.100007 0.100007 0.100007 0.100007 0.100007 0.100007
internal_weight=0.172146 0.0961556 0.0891142 0.0864167 0.0217892 0.0152222 0.0646275 0.0627487 0.00307759 0.07599 0.0596711 0.0491453 0.0407912 0.0114479 0.00875037 0.00835408 0.00624873 0.0046707
internal_count=2400 1245 1241 1200 228 204 972 949 42 1155 907 747 620 174 133 127 95 71
is_linear=0
shrinkage=0.1


Tree=90
num_leaves=17
num_cat=0
split_feature=17 11 5 0 16 0 1 0 1 0 2 1 0 0 0 16
split_gain=0.12408 0.02226 0.00946895 6.21306e-11 1.26584e-10 7.57638e-12 1.14626e-12 2.02775e-13 2.05693e-13 2.08167e-17 2.08167e-17 1.38778e-17 6.93889e-18 1.73472e-18 1.73472e-18 8.67362e-19
threshold=1.0000000180025095e-35 4.5000000000000009 1.0000000180025095e-35 54.000000000000007 4.1098500000000007 22.500000000000004 11.500000000000002 70.500000000000014 32.500000000000007 71.500000000000014 54.500000000000007 19.500000000000004 99.500000000000014 18.500000000000004 88.500000000000014 4.8321500000000013
decision_type=2 2 2 2 2 2 2 2 2 2 2 2 2 2 2 2
left_child=1 2 -1 4 5 13 -5 8 -8 -9 12 -2 -11 -4 15 -12
right_child=11 -3 3 6 -6 -7 7 9 -10 10 14 -13 -14 -15 -16 -17
leaf_value=-0.10000595822491892 -0.10000595822495824 -0.10019102422707743 0.10000595822494723 0.10000863517156276 0.10002476705216326 0.10001138947720584 0.10000767735171595 0.1000059475814932 0.10000595822488681 0.10000595808881657 0.10000595096252662 -0.10000595822494369 0.10000595822492758 0.10000595822491883 0.10000595411399732 0.10000595127334602
leaf_weight=0.0024407974487985476 0.062567758992372546 0.0063724734354764214 0.0079177087973221205 0.0017000208827084853 0.0059422594495117656 0.0034151935687987143 0.0014155102689983315 0.0022018415766069657 0.001369227837130893 0.043041385935794096 0.0027970614937657947 0.0061912910896353415 0.0030956455448176703 0.0024407974487985493 0.0014285239340097178 0.0014285333709267434
leaf_count=41 1051 4 133 23 24 30 19 37 23 723 47 104 52 41 24 24
internal_value=0.000392258 0.079734 0.0939533 0.100008 0.100013 0.100007 0.100006 0.100006 0.100007 0.100006 0.100006 -0.100006 0.100006 0.100006 0.100006 0.100006
internal_weight=0.155766 0.087007 0.0806345 0.0781937 0.019716 0.0137737 0.0584778 0.0567777 0.00278474 0.053993 0.0517912 0.0687591 0.046137 0.0103585 0.00565412 0.00422559
internal_count=2400 1245 1241 1200 228 204 972 949 42 907 870 1155 775 174 95 71
is_linear=0
shrinkage=0.1


Tree=91
num_leaves=15
num_cat=0
split_feature=17 11 5 0 16 0 1 0 1 0 2 2 2 16
split_gain=0.112271 0.020141 0.0085678 4.60859e-11 9.39148e-11 5.63244e-12 8.55468e-13 1.50158e-13 1.52986e-13 6.93889e-18 6.93889e-18 1.73472e-18 1.73472e-18 1.73472e-18
threshold=1.0000000180025095e-35 4.5000000000000009 1.0000000180025095e-35 54.000000000000007 4.1098500000000007 22.500000000000004 11.500000000000002 70.500000000000014 32.500000000000007 35.500000000000007 52.000000000000007 54.500000000000007 56.500000000000007 3.6868000000000003
decision_type=2 2 2 2 2 2 2 2 2 2 2 2 2 2
left_child=1 2 -1 4 5 13 -5 8 -8 -2 -9 -12 -13 -4
right_child=9 -3 3 6 -6 -7 7 10 -10 -11 11 12 -14 -15
leaf_value=-0.10000538266924544 -0.10000538266928793 -0.10017282094722263 0.10000538266927833 0.10000781539383218 0.10002241529730789 0.10001030567301106 0.10000694127456281 0.10000538287630079 0.10000538266920998 -0.10000538266928682 0.1000053826660306 0.10000538803393511 0.10000538508019861 0.10000538266921327
leaf_weight=0.0022085368254920459 0.036306190741015598 0.0057670468231663099 0.008080012776190415 0.0015382544916064935 0.0053768986836075774 0.0030902267462806785 0.0012808155661332412 0.042230787916196277 0.001238935292349197 0.025909907635650598 0.0015082699464983298 0.0032853010197868571 0.0018307847058167681 0.0012928020441904673
leaf_count=41 674 4 150 23 24 30 19 784 23 481 28 61 34 24
internal_value=0.000392286 0.0797325 0.0939526 0.100007 0.100011 0.100007 0.100005 0.100005 0.100006 -0.100005 0.100005 0.100005 0.100005 0.100005
internal_weight=0.140945 0.0787287 0.0729616 0.0707531 0.0178399 0.012463 0.0529131 0.0513749 0.00251975 0.0622161 0.0488551 0.00662436 0.00511609 0.00937281
internal_count=2400 1245 1241 1200 228 204 972 949 42 1155 907 123 95 174
is_linear=0
shrinkage=0.1


Tree=92
num_leaves=13
num_cat=0
split_feature=17 11 5 0 16 0 1 0 1 2 6 16
split_gain=0.101586 0.0182237 0.00775241 3.41037e-11 6.95248e-11 4.15822e-12 6.31141e-13 1.10759e-13 1.1276e-13 6.93889e-18 6.93889e-18 1.73472e-18
threshold=1.0000000180025095e-35 4.5000000000000009 1.0000000180025095e-35 54.000000000000007 4.1098500000000007 22.500000000000004 11.500000000000002 70.500000000000014 32.500000000000007 18.500000000000004 29.500000000000004 4.2466500000000007
decision_type=2 2 2 2 2 2 2 2 2 2 2 2
left_child=1 2 -1 4 5 -4 -5 8 -8 -9 -2 -12
right_child=10 -3 3 6 -6 -7 7 9 -10 -11 11 -13
leaf_value=-0.1000048739366593 -0.10000487393670708 -0.100156359397872 0.10000487393669751 0.1000070703624531 0.10002027863197219 0.10000932074846558 0.10000628064079631 0.10000487393574405 0.10000487393662008 0.10000487431784351 -0.10000487393669882 -0.10000487393664706
leaf_weight=0.001998376515985 0.045134064726880752 0.0052190538845024994 0.0084809149702778086 0.0013918800395913413 0.0048653176054358474 0.0027961788873653868 0.0011589371424634001 0.0086271393302013166 0.0011210404845769517 0.035579038256400963 0.0095532145642209798 0.0016084493909147577
leaf_count=41 926 4 174 23 24 30 19 177 23 730 196 33
internal_value=0.00039231 0.0797312 0.093952 0.100006 0.10001 0.100006 0.100005 0.100005 0.100006 0.100005 -0.100005 -0.100005
internal_weight=0.127534 0.0712379 0.0660188 0.0640204 0.0161424 0.0112771 0.047878 0.0464862 0.00227998 0.0442062 0.0562957 0.0111617
internal_count=2400 1245 1241 1200 228 204 972 949 42 907 1155 229
is_linear=0
shrinkage=0.1


Tree=93
num_leaves=14
num_cat=0
split_feature=17 11 5 0 16 0 1 0 1 0 2 16 2
split_gain=0.0919176 0.016489 0.00701463 2.52662e-11 5.14833e-11 3.08153e-12 4.65371e-13 8.1761e-14 8.3082e-14 6.93889e-18 6.93889e-18 6.93889e-18 1.73472e-18
threshold=1.0000000180025095e-35 4.5000000000000009 1.0000000180025095e-35 54.000000000000007 4.1098500000000007 22.500000000000004 11.500000000000002 70.500000000000014 32.500000000000007 21.500000000000004 54.500000000000007 3.8859500000000007 55.500000000000007
decision_type=2 2 2 2 2 2 2 2 2 2 2 2 2
left_child=1 2 -1 4 5 -4 -5 8 -8 -2 -9 -11 -12
right_child=9 -3 3 6 -6 -7 7 10 -10 11 12 -13 -14
leaf_value=-0.10000441314342437 -0.10000441314343339 -0.10014146506995497 0.1000044131434666 0.10000639532522096 0.10001834920753028 0.10000843744835874 0.10000568252244904 0.10000441313733133 0.10000441314338103 -0.10000441314347333 0.10000441296836388 -0.10000441314347659 0.10000440896391463
leaf_weight=0.0018082137030432923 0.0021610358890029593 0.0047230618656612924 0.0076738825446227565 0.0012594332110893438 0.0044024022063240418 0.0025301084679085761 0.0010486556348041623 0.035810842262435472 0.0010143637846340425 0.015876998368185014 0.0012348441923677447 0.032900668840738945 0.0029538913186115678
leaf_count=41 49 4 174 23 24 30 19 812 23 360 28 746 67
internal_value=0.000392333 0.07973 0.0939515 0.100006 0.100009 0.100005 0.100005 0.100004 0.100005 -0.100004 0.100004 -0.100004 0.100004
internal_weight=0.115398 0.0644597 0.0597366 0.0579284 0.0146064 0.010204 0.043322 0.0420626 0.00206302 0.0509387 0.0399996 0.0487777 0.00418874
internal_count=2400 1245 1241 1200 228 204 972 949 42 1155 907 1106 95
is_linear=0
shrinkage=0.1


Tree=94
num_leaves=17
num_cat=0
split_feature=17 11 5 0 16 0 0 1 2 16 0 0 0 16 16 0
split_gain=0.0831698 0.0149195 0.00634706 1.87478e-11 3.81957e-11 2.29787e-12 3.47444e-13 4.5214e-13 2.63678e-15 4.00591e-15 6.93889e-18 6.50521e-18 3.46945e-18 3.46945e-18 1.73472e-18 8.67362e-19
threshold=1.0000000180025095e-35 4.5000000000000009 1.0000000180025095e-35 54.000000000000007 4.1098500000000007 22.500000000000004 70.500000000000014 25.500000000000004 55.500000000000007 4.7574000000000014 96.500000000000014 101.50000000000001 85.500000000000014 4.759500000000001 3.4673500000000002 18.500000000000004
decision_type=2 2 2 2 2 2 2 2 2 2 2 2 2 2 2 2
left_child=1 2 -1 4 5 14 7 -5 10 -10 12 -12 -8 -14 -4 -16
right_child=-2 -3 3 6 -6 -7 8 -9 9 -11 11 -13 13 -15 15 -17
leaf_value=-0.1000039838537532 -0.1000039838538121 -0.10012799110935894 0.10000398385376952 0.10000682915330315 0.10001660519206951 0.10000763714316896 0.10000398387650551 0.10000398456768432 0.10000423720503054 0.10000399186155176 0.10000399297048895 0.10000398385374831 0.10000398397754635 0.10000398385360001 0.10000398385378294 0.10000398385374831
leaf_weight=0.0016361460366169913 0.046091431031527463 0.0042741489014588288 0.0022347360500134528 0.0010197192277701097 0.0039835242787376055 0.0022893542336532846 0.020149128209595801 0.0012361339540802874 0.0010718510457081712 0.0017556225793669 0.0016760518847149788 0.0015164280339377001 0.008819226215564413 0.0019553941237973058 0.0031924800714477897 0.0015164280339377001
leaf_count=41 1155 4 56 16 24 30 505 31 26 44 42 38 221 49 80 38
internal_value=0.000392353 0.0797289 0.0939509 0.100005 0.100008 0.100005 0.100004 0.100005 0.100004 0.100004 0.100004 0.100004 0.100004 0.100004 0.100004 0.100004
internal_weight=0.104418 0.0583264 0.0540522 0.0524161 0.0132165 0.009233 0.0391996 0.00225585 0.0369437 0.00282747 0.0341162 0.00319248 0.0309237 0.0107746 0.00694364 0.00470891
internal_count=2400 1245 1241 1200 228 204 972 47 925 70 855 80 775 270 174 118
is_linear=0
shrinkage=0.1


Tree=95
num_leaves=15
num_cat=0
split_feature=17 11 5 0 16 0 1 0 0 0 0 0 0 6
split_gain=0.0752546 0.0134994 0.00574303 1.38915e-11 2.83006e-11 1.70219e-12 2.58543e-13 4.52624e-14 6.93889e-18 6.93889e-18 7.37257e-18 3.46945e-18 8.67362e-19 8.67362e-19
threshold=1.0000000180025095e-35 4.5000000000000009 1.0000000180025095e-35 54.000000000000007 4.1098500000000007 22.500000000000004 11.500000000000002 70.500000000000014 41.500000000000007 96.500000000000014 101.50000000000001 77.500000000000014 18.500000000000004 54.500000000000007
decision_type=2 2 2 2 2 2 2 2 2 2 2 2 2 2
left_child=1 2 -1 4 5 12 -5 -8 -2 11 -11 13 -4 -9
right_child=8 -3 3 6 -6 -7 7 9 -10 10 -12 -13 -14 -15
leaf_value=-0.10000360688965609 -0.10000360688972104 -0.10011579960627835 0.10000360688970276 0.10000524096730659 0.10001502791352229 0.10000691239743142 0.1000041388062784 0.10000360829167075 -0.10000360688968164 0.10000361696513307 0.1000036068896507 0.10000360749629254 0.10000360688965602 0.10000360688932333
leaf_weight=0.0014804514976276542 0.039322236119915033 0.003867856925353407 0.0048024402240116615 0.0010311488513252689 0.0036044956650584945 0.0020715076971100643 0.0016890715596673536 0.0044047441733709993 0.0023831658254493951 0.0015165599179454139 0.0013721257782890461 0.022386475575331133 0.001480451497627655 0.0030692290274600964
leaf_count=41 1089 4 133 23 24 30 42 122 66 42 38 620 41 85
internal_value=0.000392371 0.0797279 0.0939505 0.100005 0.100008 0.100004 0.100004 0.100004 -0.100004 0.100004 0.100004 0.100004 0.100004 0.100004
internal_weight=0.094482 0.0527766 0.0489087 0.0474282 0.0119589 0.0083544 0.0354694 0.0344382 0.0417054 0.0327491 0.00288869 0.0298604 0.00628289 0.00747397
internal_count=2400 1245 1241 1200 228 204 972 949 1155 907 80 827 174 207
is_linear=0
shrinkage=0.1


Tree=96
num_leaves=16
num_cat=0
split_feature=17 11 5 0 16 0 0 2 16 0 0 0 16 0 16
split_gain=0.0680927 0.0122145 0.00519648 1.02769e-11 2.09302e-11 1.26113e-12 1.89883e-13 1.36696e-15 1.71608e-15 6.93889e-18 6.93889e-18 8.23994e-18 3.46945e-18 8.67362e-19 4.33681e-19
threshold=1.0000000180025095e-35 4.5000000000000009 1.0000000180025095e-35 54.000000000000007 4.1098500000000007 22.500000000000004 70.500000000000014 55.500000000000007 4.7856500000000013 23.500000000000004 96.500000000000014 101.50000000000001 4.8321500000000013 17.500000000000004 4.8607500000000012
decision_type=2 2 2 2 2 2 2 2 2 2 2 2 2 2 2
left_child=1 2 -1 4 5 13 -5 10 -9 -2 12 -12 -8 -4 -14
right_child=9 -3 3 6 -6 -7 7 8 -10 -11 11 -13 14 -15 -16
leaf_value=-0.10000326246211343 -0.10000326246216946 -0.10010477103241817 0.10000326246215546 0.10000431368284307 0.10001358851614194 0.10000625353939757 0.10000326248121756 0.10000343832284903 0.10000326525487353 -0.10000326246218492 0.10000327359716293 0.10000326246210745 0.10000326222818948 0.10000326246214974 0.10000326469716919
leaf_weight=0.001339572288998169 0.0053909616508462923 0.0035001476644538334 0.0030712145162397064 0.0018469539318175512 0.0032615270465612411 0.0018743893451755866 0.023260561934876023 0.001040927105350419 0.001274028774787439 0.032345769905077759 0.001372244631056673 0.0012415548044373281 0.001012696924590272 0.0026137995882891119 0.0010451383532199543
leaf_count=41 165 4 94 47 24 30 712 31 39 990 42 38 31 80 32
internal_value=0.000392387 0.079727 0.0939501 0.100004 0.100007 0.100004 0.100003 0.100003 0.100003 -0.100003 0.100003 0.100003 0.100003 0.100003 0.100003
internal_weight=0.0854915 0.0477548 0.0442546 0.042915 0.0108209 0.0075594 0.0320941 0.0302472 0.00231496 0.0377367 0.0279322 0.0026138 0.0253184 0.00568501 0.00205784
internal_count=2400 1245 1241 1200 228 204 972 925 70 1155 855 80 775 174 63
is_linear=0
shrinkage=0.1


Tree=97
num_leaves=13
num_cat=0
split_feature=17 11 5 0 16 0 0 2 16 1 16 16
split_gain=0.0616124 0.011052 0.00470195 7.61729e-12 1.5536e-11 9.23238e-13 1.39638e-13 8.84709e-16 1.09461e-15 3.46945e-18 8.67362e-19 8.67362e-19
threshold=1.0000000180025095e-35 4.5000000000000009 1.0000000180025095e-35 54.000000000000007 4.1098500000000007 22.500000000000004 70.500000000000014 55.500000000000007 4.7906500000000003 12.500000000000002 3.6091000000000002 3.4673500000000002
decision_type=2 2 2 2 2 2 2 2 2 2 2 2
left_child=1 2 -1 4 5 10 -5 9 -9 -8 11 -4
right_child=-2 -3 3 6 -6 -7 7 8 -10 -11 -12 -13
leaf_value=-0.10000295951892745 -0.10000295951900694 -0.10009479756286394 0.10000295951894947 0.10000390519019296 0.10001230744466841 0.10000564993050094 0.10000295247703908 0.10000310155093391 0.10000295684493501 0.10000295882536213 0.10000295951892313 0.10000295951896705
leaf_weight=0.0012120986521040314 0.034145705931223347 0.0031673641060478977 0.0016555493784835562 0.0016711995212972388 0.0029511877801269293 0.0016960272478172556 0.0015645586499886113 0.0010009995257860274 0.0010936654889519559 0.023709611701633548 0.0011529718885867624 0.0023355071589321597
leaf_count=41 1155 4 56 47 24 30 53 33 37 802 39 79
internal_value=0.000392402 0.0797262 0.0939497 0.100004 0.100006 0.100004 0.100003 0.100003 0.100003 0.100003 0.100003 0.100003
internal_weight=0.0773564 0.0432107 0.0400434 0.0388313 0.00979124 0.00684006 0.02904 0.0273688 0.00209467 0.0252742 0.00514403 0.00399106
internal_count=2400 1245 1241 1200 228 204 972 925 70 855 174 135
is_linear=0
shrinkage=0.1


Tree=98
num_leaves=13
num_cat=0
split_feature=17 11 5 0 16 0 0 2 1 0 0 0
split_gain=0.0557489 0.0100001 0.00425449 5.63625e-12 1.14871e-11 6.83833e-13 1.02696e-13 6.07153e-16 1.04083e-17 3.46945e-18 3.46945e-18 3.03577e-18
threshold=1.0000000180025095e-35 4.5000000000000009 1.0000000180025095e-35 54.000000000000007 4.1098500000000007 22.500000000000004 70.500000000000014 55.500000000000007 12.500000000000002 41.500000000000007 96.500000000000014 101.50000000000001
decision_type=2 2 2 2 2 2 2 2 2 2 2 2
left_child=1 2 -1 4 5 -4 -5 8 -8 -2 -10 -12
right_child=9 -3 3 6 -6 -7 7 -9 10 -11 11 -13
leaf_value=-0.10000267917173473 -0.1000026791718224 -0.10008577430610884 0.10000267917180435 0.10000353135549274 0.10001112983517953 0.10000511334043397 0.10000267039088112 0.10000273692503243 0.10000267876625249 -0.10000267917176925 0.1000026723718084 0.10000267917172745
leaf_weight=0.0010967551443172843 0.02913088663808594 0.0028661948745138935 0.0046545218319806736 0.0015121692231332409 0.0026703748153522611 0.0015346367581514642 0.0014156749875837695 0.0018953364888147908 0.019313391105242772 0.0017655082810961167 0.0011235052697884376 0.0010165047679038253
leaf_count=41 1089 4 174 47 24 30 53 70 722 66 42 38
internal_value=0.000392415 0.0797254 0.0939494 0.100003 0.100006 0.100003 0.100003 0.100003 0.100003 -0.100003 0.100003 0.100003
internal_weight=0.0699955 0.0390991 0.0362329 0.0351361 0.00885953 0.00618916 0.0262766 0.0247644 0.0228691 0.0308964 0.0214534 0.00214001
internal_count=2400 1245 1241 1200 228 204 972 925 855 1155 802 80
is_linear=0
shrinkage=0.1


Tree=99
num_leaves=10
num_cat=0
split_feature=17 11 0 1 16 0 2 0 0
split_gain=0.0504434 0.00904829 0.000317064 0.000383824 0.00036034 7.6824e-14 5.10009e-16 3.46945e-18 3.46945e-18
threshold=1.0000000180025095e-35 4.5000000000000009 54.000000000000007 8.5000000000000018 4.1098500000000007 70.500000000000014 55.500000000000007 41.500000000000007 96.500000000000014
decision_type=2 2 2 2 2 2 2 2 2
left_child=1 2 3 -1 -5 -4 8 -2 -7
right_child=7 -3 5 4 -6 6 -8 -9 -10
leaf_value=0.10000241985086987 -0.10000241985088981 -0.10007760598765165 0.10000319589340062 0.028389269656172535 0.083469086954864893 0.10000241968078652 0.10000247672447456 -0.10000241985083105 0.10000241985093748
leaf_weight=0.0042115957876376342 0.026358780532973469 0.0025936412566807112 0.0013682716780749607 0.0021631495110341348 0.0026341205029893899 0.018756480303636636 0.0017149756058643098 0.0015975018504832397 0.0019363658029760691
leaf_count=174 1089 4 47 62 33 775 70 66 80
internal_value=0.000392428 0.0797248 0.093949 0.0779729 0.0586329 0.100002 0.100002 -0.100002 0.100002
internal_weight=0.0633349 0.0353786 0.032785 0.00900887 0.00479727 0.0237761 0.0224078 0.0279563 0.0206928
internal_count=2400 1245 1241 269 95 972 925 1155 855
is_linear=0
shrinkage=0.1


Tree=100
num_leaves=14
num_cat=0
split_feature=17 11 5 0 16 0 0 2 0 0 0 0 16
split_gain=0.0454662 0.00812056 0.00399204 3.45588e-12 6.49356e-12 5.32433e-13 5.70238e-14 3.50414e-16 3.46945e-18 3.46945e-18 1.73472e-18 1.73472e-18 4.33681e-19
threshold=1.0000000180025095e-35 4.5000000000000009 1.0000000180025095e-35 54.000000000000007 4.1098500000000007 22.500000000000004 70.500000000000014 55.500000000000007 41.500000000000007 84.500000000000014 72.500000000000014 75.500000000000014 3.5746000000000007
decision_type=2 2 2 2 2 2 2 2 2 2 2 2 2
left_child=1 2 -1 4 5 12 -5 9 -2 10 -8 -12 -4
right_child=8 -3 3 6 -6 -7 7 -9 -10 -11 11 -13 -14
leaf_value=-0.10000252368377725 -0.10000219262910762 -0.1000702166038703 0.10000219262907213 0.1000028949456957 0.10000926213753852 0.10000450387831504 0.10000218895958682 0.10000224170996848 -0.1000021926290427 0.10000219263363222 0.10000219262871957 0.10000219196697824 0.10000219262903441
leaf_weight=0.0010336527211620697 0.023850462202972267 0.0023469880397897205 0.0025186438506352707 0.0012380669613776254 0.0022228183806873858 0.0013497395048034377 0.0017297753074672082 0.001551777564600342 0.0014454825577558941 0.0080377424546895782 0.0021463229240907822 0.0068098611391178565 0.0012921738016302697
leaf_count=41 1089 4 115 47 24 30 79 70 66 367 98 311 59
internal_value=0.000380277 0.0790501 0.0930957 0.100003 0.100005 0.100003 0.100002 0.100002 -0.100002 0.100002 0.100002 0.100002 0.100002
internal_weight=0.0575735 0.0322776 0.0299306 0.0288969 0.00738338 0.00516056 0.0215135 0.0202755 0.0252959 0.0187237 0.010686 0.00895618 0.00381082
internal_count=2400 1245 1241 1200 228 204 972 925 1155 855 488 409 174
is_linear=0
shrinkage=0.1


Tree=101
num_leaves=15
num_cat=0
split_feature=17 11 0 1 16 0 1 0 0 0 0 2 0 2
split_gain=0.0411393 0.0073477 0.000330192 0.00038005 0.000313669 4.24834e-14 2.70617e-16 3.46945e-18 3.46945e-18 1.73472e-18 1.73472e-18 3.46945e-18 1.73472e-18 4.33681e-19
threshold=1.0000000180025095e-35 4.5000000000000009 54.000000000000007 8.5000000000000018 4.1098500000000007 70.500000000000014 12.500000000000002 31.500000000000004 96.500000000000014 29.500000000000004 92.500000000000014 52.000000000000007 83.500000000000014 55.500000000000007
decision_type=2 2 2 2 2 2 2 2 2 2 2 2 2 2
left_child=1 2 3 -1 -5 -4 -7 9 10 -2 11 12 -8 -13
right_child=7 -3 5 4 -6 6 8 -9 -10 -11 -12 13 -14 -15
leaf_value=0.10000198263866487 -0.10000198263868335 -0.10006353358118901 0.10000261972912693 0.025758507924569036 0.080752161938050751 0.10000202729791499 0.10000198267494471 -0.10000198263868561 0.10000197781971731 -0.10000198263861367 0.10000198263861491 0.1000019821089408 0.10000198263866833 0.10000197814853365
leaf_weight=0.0034481773182051248 0.0095122132916003466 0.0021237773180473587 0.0011202522327948819 0.0019423203339101747 0.0022255753938225098 0.0014027577853994435 0.0080852334158407757 0.012128071946790442 0.0015853688819333902 0.0012484779945225464 0.0012682951055467137 0.0010304898278263872 0.0039237879827851438 0.0010501161887077615
leaf_count=174 480 4 47 62 33 70 408 612 80 63 64 52 198 53
internal_value=0.000380287 0.0790495 0.0930954 0.0754425 0.0551241 0.100002 0.100002 -0.100002 0.100002 -0.100002 0.100002 0.100002 0.100002 0.100002
internal_weight=0.0520949 0.0292062 0.0270824 0.00761607 0.0041679 0.0194663 0.018346 0.0228888 0.0169433 0.0107607 0.0153579 0.0140896 0.012009 0.00208061
internal_count=2400 1245 1241 269 95 972 925 1155 855 543 775 711 606 105
is_linear=0
shrinkage=0.1


Tree=102
num_leaves=11
num_cat=0
split_feature=17 11 0 1 16 0 2 0 0 0
split_gain=0.0370635 0.00658806 0.000376837 0.000411232 0.000296942 3.12701e-14 1.9082e-16 5.20417e-18 3.46945e-18 1.73472e-18
threshold=1.0000000180025095e-35 4.5000000000000009 54.000000000000007 8.5000000000000018 4.1098500000000007 70.500000000000014 55.500000000000007 97.500000000000014 40.500000000000007 90.500000000000014
decision_type=2 2 2 2 2 2 2 2 2 2
left_child=1 2 3 -1 -5 -4 7 9 -2 -7
right_child=8 -3 5 4 -6 6 -8 -9 -10 -11
leaf_value=0.10000179552624687 -0.10000179552627364 -0.10005747972764839 0.10000237017169143 0.023338013003895354 0.077752290326022225 0.1000017954398246 0.10000183575052438 0.10000179113541541 -0.10000179552622086 0.10000179413806423
leaf_weight=0.0031200454322970464 0.018989242027600994 0.0019217834342271081 0.0010136485525435992 0.0019300784333609045 0.0020875864574918523 0.012424858599842992 0.0012704929577012072 0.0012013968043902432 0.0017214043764397493 0.001703473080851837
leaf_count=174 1059 4 47 62 33 693 70 67 96 95
internal_value=0.000367162 0.0782991 0.0921472 0.0727641 0.0516118 0.100002 0.100002 0.100002 -0.100002 0.100002
internal_weight=0.047384 0.0266734 0.0247516 0.00713771 0.00401766 0.0176139 0.0166002 0.0153297 0.0207106 0.0141283
internal_count=2400 1245 1241 269 95 972 925 855 1155 788
is_linear=0
shrinkage=0.1


Tree=103
num_leaves=12
num_cat=0
split_feature=17 11 5 0 16 0 0 2 0 2 16
split_gain=0.0333753 0.00590087 0.00385408 1.83683e-12 2.84494e-12 4.17234e-13 1.28335e-14 1.31839e-16 5.20417e-18 5.20417e-18 4.33681e-19
threshold=1.0000000180025095e-35 4.5000000000000009 1.0000000180025095e-35 54.000000000000007 4.1098500000000007 22.500000000000004 71.500000000000014 55.500000000000007 97.500000000000014 50.500000000000007 3.5009500000000005
decision_type=2 2 2 2 2 2 2 2 2 2 2
left_child=1 2 -1 4 5 10 -5 8 9 -8 -4
right_child=-2 -3 3 6 -6 -7 7 -9 -10 -11 -12
leaf_value=-0.10000247277025812 -0.10000162560591125 -0.1000520089058568 0.10000162560583335 0.1000019316541923 0.10000715163713257 0.10000387641128439 0.10000162515239704 0.10000166014067734 0.10000161924720125 0.10000162377510224 0.10000162560585496
leaf_weight=0.0010083713059430002 0.018739797096714028 0.001738991850288584 0.0012006450087937983 0.0015334226263803421 0.0017165294266305864 0.0011627908679656684 0.011097257200162858 0.0011495914823171924 0.0010870705500565245 0.0010703725365601722 0.0016224932551267557
leaf_count=41 1155 4 74 85 24 30 684 70 67 66 100
internal_value=0.000353039 0.0774673 0.0910975 0.100002 0.100004 0.100002 0.100002 0.100002 0.100002 0.100002 0.100002
internal_weight=0.0431273 0.0243875 0.0226485 0.0216402 0.00570246 0.00398593 0.0159377 0.0144043 0.0132547 0.0121676 0.00282314
internal_count=2400 1245 1241 1200 228 204 972 887 817 750 174
is_linear=0
shrinkage=0.1


Tree=104
num_leaves=12
num_cat=0
split_feature=17 11 0 1 16 0 2 0 2 16 16
split_gain=0.0301991 0.00533928 0.000385879 0.000398202 0.000250415 9.7717e-15 1.12757e-16 3.46945e-18 1.73472e-18 1.73472e-18 8.67362e-19
threshold=1.0000000180025095e-35 4.5000000000000009 54.000000000000007 8.5000000000000018 4.1098500000000007 71.500000000000014 55.500000000000007 32.500000000000007 42.500000000000007 4.129900000000001 4.1200500000000009
decision_type=2 2 2 2 2 2 2 2 2 2 2
left_child=1 2 3 -1 -5 -4 8 -2 -7 10 -9
right_child=7 -3 5 4 -6 6 -8 9 -10 -11 -12
leaf_value=0.10000146823106393 -0.10000146823109145 -0.1000470594710194 0.10000174996533694 0.021119557395385926 0.07448501344086679 0.10000146823106321 0.100001502046178 -0.10000146823108143 0.1000014676826298 -0.10000146823106344 -0.10000146823101996
leaf_weight=0.0025544849468133171 0.0086030355105322087 0.0015735788038000456 0.0013875005715817687 0.0017373767186654732 0.0017803677746996982 0.0092783593008789467 0.0010401949493825677 0.004624498610610317 0.0027150072883159746 0.002525123050872935 0.0012038377335557016
leaf_count=174 586 4 85 62 33 632 70 315 185 172 82
internal_value=0.000353047 0.0774669 0.0910973 0.0699505 0.0481284 0.100001 0.100001 -0.100001 0.100001 -0.100001 -0.100001
internal_weight=0.0390234 0.0220669 0.0204933 0.00607223 0.00351774 0.0144211 0.0130336 0.0169565 0.0119934 0.00835346 0.00582834
internal_count=2400 1245 1241 269 95 972 887 1155 817 569 397
is_linear=0
shrinkage=0.1


Tree=105
num_leaves=12
num_cat=0
split_feature=17 11 0 1 16 0 2 1 0 0 0
split_gain=0.0271798 0.00477706 0.000433007 0.00042154 0.000229915 7.25982e-15 5.72459e-17 3.46945e-18 1.73472e-18 8.67362e-19 4.33681e-19
threshold=1.0000000180025095e-35 4.5000000000000009 54.000000000000007 8.5000000000000018 4.1098500000000007 71.500000000000014 54.500000000000007 48.500000000000007 33.500000000000007 40.500000000000007 95.500000000000014
decision_type=2 2 2 2 2 2 2 2 2 2 2
left_child=1 2 3 -1 -5 -4 7 -7 -2 -10 -9
right_child=8 -3 5 4 -6 6 -8 10 9 -11 -12
leaf_value=0.10000132824033268 -0.10000132824036367 -0.10004258184427656 0.10000158352902688 0.019093047124716583 0.070980159250096472 0.10000132807631573 0.10000134995191035 0.10000132824030548 -0.10000132824035896 -0.10000132824029749 0.10000132824023861
leaf_weight=0.0023113966199161942 0.0081695915014279308 0.0014238934672903261 0.001255464430869325 0.0017300157924182713 0.0016864617937244475 0.0079828226844256278 0.0013263599284982783 0.0014213760823622587 0.0058980465473723606 0.0012752533075399697 0.0010627111241774401
leaf_count=174 615 4 85 62 33 601 99 107 444 96 80
internal_value=0.000337923 0.0765486 0.0899401 0.0670195 0.0447059 0.100001 0.100001 0.100001 -0.100001 -0.100001 0.100001
internal_weight=0.0355434 0.0202005 0.0187766 0.00572787 0.00341648 0.0130487 0.0117933 0.0104669 0.0153429 0.0071733 0.00248409
internal_count=2400 1245 1241 269 95 972 887 788 1155 540 187
is_linear=0
shrinkage=0.1


Tree=106
num_leaves=9
num_cat=0
split_feature=17 11 0 1 16 0 2 0
split_gain=0.0244487 0.00426899 0.000481766 0.000441544 0.000208097 5.58234e-15 5.72459e-17 5.20417e-18
threshold=1.0000000180025095e-35 4.5000000000000009 54.000000000000007 8.5000000000000018 4.1098500000000007 71.500000000000014 54.500000000000007 95.500000000000014
decision_type=2 2 2 2 2 2 2 2
left_child=1 2 3 -1 -5 -4 7 -7
right_child=-2 -3 5 4 -6 6 -8 -9
leaf_value=0.10000119553120773 -0.10000119553124831 -0.10003852676758918 0.10000143238305777 0.017246827205368142 0.067277253972602036 0.10000119588557527 0.10000121979158015 0.10000120190312681
leaf_weight=0.0020914407905365797 0.013882839730285923 0.0012884416792076072 0.0011359928212186796 0.0017240251181647182 0.0016056892291089753 0.0083289850063010817 0.0012001415616396125 0.0011418785543355634
leaf_count=174 1155 4 85 62 33 693 99 95
internal_value=0.000321819 0.0755391 0.08867 0.0639913 0.041373 0.100001 0.100001 0.100001
internal_weight=0.0323994 0.0185166 0.0172282 0.00542116 0.00332971 0.011807 0.010671 0.00947086
internal_count=2400 1245 1241 269 95 972 887 788
is_linear=0
shrinkage=0.1


Tree=107
num_leaves=8
num_cat=0
split_feature=17 11 5 0 0 0 2
split_gain=0.0219791 0.0038102 0.00377122 9.36052e-13 1.12037e-12 4.00027e-15 3.1225e-17
threshold=1.0000000180025095e-35 4.5000000000000009 1.0000000180025095e-35 54.000000000000007 22.500000000000004 71.500000000000014 54.500000000000007
decision_type=2 2 2 2 2 2 2
left_child=1 2 -1 4 -4 -5 -7
right_child=-2 -3 3 5 -6 6 -8
leaf_value=-0.10000250772602791 -0.10000108711676353 -0.10003486106720288 0.10000108711671858 0.10000129669926144 0.10000438893145852 0.10000108719926791 0.10000110502756282
leaf_weight=0.0010067914772662325 0.01256172593912197 0.0011658707662718362 0.0018924158557638302 0.0010278901399942706 0.0022489674520329572 0.0085696007163278409 0.0010859341882678572
leaf_count=41 1155 4 174 85 54 788 99
internal_value=0.000304777 0.0744343 0.0872826 0.100002 0.100003 0.100001 0.100001
internal_weight=0.0295592 0.0169975 0.0158316 0.0148248 0.00414138 0.0106834 0.00965553
internal_count=2400 1245 1241 1200 228 972 887
is_linear=0
shrinkage=0.1


Tree=108
num_leaves=11
num_cat=0
split_feature=17 11 0 1 16 6 2 0 1 0
split_gain=0.0198875 0.00344758 0.000480871 0.000414196 0.000168145 2.37484e-15 1.21431e-17 1.73472e-18 1.73472e-18 8.67362e-19
threshold=1.0000000180025095e-35 4.5000000000000009 54.000000000000007 8.5000000000000018 4.1098500000000007 47.500000000000007 53.500000000000007 39.500000000000007 18.000000000000004 93.500000000000014
decision_type=2 2 2 2 2 2 2 2 2 2
left_child=1 2 3 -1 -5 -4 9 8 -2 -7
right_child=7 -3 5 4 -6 6 -8 -9 -10 -11
leaf_value=0.10000098888460072 -0.10000098888464792 -0.10003154101781538 0.10000114567058371 0.015568527067295959 0.063425313317090684 0.10000098845082579 0.10000099827332393 -0.10000098888458855 -0.10000098888456499 0.10000098589873228
leaf_weight=0.0017123303714470248 0.0088864041690612794 0.0010549567377893263 0.0010976612666127048 0.0015555577992927283 0.0013903848812333308 0.0060613912610278931 0.0012283926425880054 0.0014171009970596069 0.0010628257477947054 0.0012793272890121443
leaf_count=174 903 4 102 62 33 616 124 144 108 130
internal_value=0.000304781 0.0744341 0.0872824 0.0608891 0.0381553 0.100001 0.100001 -0.100001 -0.100001 0.100001
internal_weight=0.0267463 0.01538 0.014325 0.00465827 0.00294594 0.00966677 0.00856911 0.0113663 0.00994923 0.00734072
internal_count=2400 1245 1241 269 95 972 870 1155 1011 746
is_linear=0
shrinkage=0.1


Tree=109
num_leaves=11
num_cat=0
split_feature=17 0 20 0 6 2 0 0 0 1
split_gain=0.0178676 0.00164347 0.00491456 7.13062e-13 1.50054e-15 1.38778e-17 1.73472e-18 1.73472e-18 8.67362e-19 8.67362e-19
threshold=1.0000000180025095e-35 54.000000000000007 1.0000000180025095e-35 22.500000000000004 48.500000000000007 53.500000000000007 39.500000000000007 35.500000000000007 94.500000000000014 46.500000000000007
decision_type=2 2 2 2 2 2 2 2 2 2
left_child=1 2 -1 -4 -3 8 7 -2 9 -6
right_child=6 4 3 -5 5 -7 -8 -9 -10 -11
leaf_value=-0.10001556069732209 -0.10000088860787693 0.10000101211320628 0.10000088860782906 0.10000376203807222 0.10000088865889274 0.10000090115109349 -0.10000088860781553 -0.10000088860786027 0.10000088860779593 0.10000088860781971
leaf_weight=0.0018925292315543638 0.0060016291445208481 0.0011712477289620438 0.0015493820046685869 0.0019512597682478372 0.0040866211702450528 0.0011114966428067419 0.0012822471762774521 0.003000814572260424 0.0010240168421660201 0.0013534831305150874
leaf_count=45 674 122 174 54 459 124 144 337 115 152
internal_value=0.000286872 0.0732307 0.0298137 0.100002 0.100001 0.100001 -0.100001 -0.100001 0.100001 0.100001
internal_weight=0.0244247 0.01414 0.00539317 0.00350064 0.00874687 0.00757562 0.0102847 0.00900244 0.00646412 0.0054401
internal_count=2400 1245 273 228 972 850 1155 1011 726 611
is_linear=0
shrinkage=0.1


Tree=110
num_leaves=11
num_cat=0
split_feature=17 0 20 0 6 2 0 0 0 1
split_gain=0.0161672 0.00148708 0.00444684 5.32628e-13 1.23165e-15 1.64799e-17 1.73472e-18 8.67362e-19 8.67362e-19 8.67362e-19
threshold=1.0000000180025095e-35 54.000000000000007 1.0000000180025095e-35 22.500000000000004 48.500000000000007 53.500000000000007 39.500000000000007 93.500000000000014 77.500000000000014 37.500000000000007
decision_type=2 2 2 2 2 2 2 2 2 2
left_child=1 2 -1 -4 -3 7 -2 8 -6 -10
right_child=6 4 3 -5 5 -7 -8 -9 9 -11
leaf_value=-0.10001408237223833 -0.10000080145353096 0.10000092057398971 0.1000008014534719 0.10000341219141172 0.10000080351512136 0.10000081659894387 -0.10000080145345697 0.10000080510039465 0.1000008026617866 0.10000080145350397
leaf_weight=0.0017124553596659106 0.0081457546402816661 0.0010597897371553699 0.0014019399677636102 0.0017655787960393354 0.0011034842545996071 0.0010057245626740041 0.001160226180218161 0.0010474263744981727 0.0011520209118316416 0.0025460518954787403
leaf_count=45 1011 122 174 54 137 124 144 130 143 316
internal_value=0.000286876 0.0732305 0.0298136 0.100002 0.100001 0.100001 -0.100001 0.100001 0.100001 0.100001
internal_weight=0.0221005 0.0127945 0.00487997 0.00316752 0.0079145 0.00685471 0.00930598 0.00584898 0.00480156 0.00369807
internal_count=2400 1245 273 228 972 850 1155 726 596 459
is_linear=0
shrinkage=0.1


Tree=111
num_leaves=9
num_cat=0
split_feature=17 0 20 0 6 2 6 16
split_gain=0.0146287 0.00134558 0.00402364 3.92492e-13 7.57207e-16 5.20417e-18 1.73472e-18 1.73472e-18
threshold=1.0000000180025095e-35 54.000000000000007 1.0000000180025095e-35 22.500000000000004 49.500000000000007 49.500000000000007 29.500000000000004 4.7331000000000012
decision_type=2 2 2 2 2 2 2 2
left_child=1 2 -1 -4 -3 7 -2 -6
right_child=6 4 3 -5 5 -7 -8 -9
leaf_value=-0.10001273809820321 -0.10000072980192132 0.1000008239093428 0.10000072980185729 0.10000308583358562 0.1000007297615067 0.10000073677128936 -0.10000072980187623 0.10000072964564249
leaf_weight=0.0015495134048251202 0.0067509052869354491 0.0010245082667097449 0.0012685286392297712 0.0015975667010934558 0.0039512386938440613 0.0011359867185092298 0.0016695003355380322 0.0010496052727830829
leaf_count=45 926 131 174 54 542 155 229 144
internal_value=0.000286879 0.0732303 0.0298134 0.100002 0.100001 0.100001 -0.100001 0.100001
internal_weight=0.0199974 0.0115769 0.00441561 0.0028661 0.00716134 0.00613683 0.00842041 0.00500084
internal_count=2400 1245 273 228 972 841 1155 686
is_linear=0
shrinkage=0.1


Tree=112
num_leaves=11
num_cat=0
split_feature=17 0 20 0 6 0 6 0 0 6
split_gain=0.0132366 0.00121753 0.00364072 2.90535e-13 4.50161e-16 1.73472e-18 3.03577e-18 8.67362e-19 4.33681e-19 4.33681e-19
threshold=1.0000000180025095e-35 54.000000000000007 1.0000000180025095e-35 22.500000000000004 51.500000000000007 85.500000000000014 59.500000000000007 34.500000000000007 89.500000000000014 30.500000000000004
decision_type=2 2 2 2 2 2 2 2 2 2
left_child=1 2 -1 -4 -3 6 -6 -2 -7 -9
right_child=7 4 3 -5 5 8 -8 9 -10 -11
leaf_value=-0.10001152584368343 -0.10000066178898206 0.10000073404124898 0.10000066178891882 0.10000279276888649 0.10000066124671272 0.10000066053448194 0.10000066786518554 -0.10000066178896071 0.10000066071571541 -0.10000066178892444
leaf_weight=0.0014020738180988701 0.0041822608891379778 0.0010456741424604843 0.0011478129254101077 0.001445542093279073 0.001516748836820625 0.0014840993030702521 0.00116678482027055 0.0022098697127148625 0.0012665446811297443 0.0012269724375073565
leaf_count=45 634 149 174 54 230 225 176 335 192 186
internal_value=0.000286882 0.0732301 0.0298133 0.100002 0.100001 0.100001 0.100001 -0.100001 0.100001 -0.100001
internal_weight=0.0180944 0.0104753 0.00399543 0.00259336 0.00647985 0.00543418 0.00268353 0.0076191 0.00275064 0.00343684
internal_count=2400 1245 273 228 972 823 406 1155 417 521
is_linear=0
shrinkage=0.1


Tree=113
num_leaves=8
num_cat=0
split_feature=17 0 20 0 0 0 6
split_gain=0.0119769 0.00110168 0.00329424 2.15228e-13 2.90566e-16 3.46945e-18 6.07153e-18
threshold=1.0000000180025095e-35 54.000000000000007 1.0000000180025095e-35 22.500000000000004 73.500000000000014 86.500000000000014 59.500000000000007
decision_type=2 2 2 2 2 2 2
left_child=1 2 -1 -4 -3 6 -6
right_child=-2 4 3 -5 5 -7 -8
leaf_value=-0.10001042820911427 -0.10000059425396098 0.10000065549779423 0.10000059425387918 0.10000252241853431 0.1000005960637252 0.10000059577983099 0.10000060588495552
leaf_weight=0.0012686620957538253 0.0068940538108108731 0.0010953515002256609 0.0010385847299403395 0.0013079839191050269 0.0013605103222289472 0.0022143539795251854 0.0011930001028304105
leaf_count=45 1155 174 174 54 228 371 199
internal_value=0.000286885 0.07323 0.0298131 0.100002 0.100001 0.100001 0.100001
internal_weight=0.0163725 0.00947845 0.00361523 0.00234657 0.00586322 0.00476786 0.00255351
internal_count=2400 1245 273 228 972 798 427
is_linear=0
shrinkage=0.1


Tree=114
num_leaves=8
num_cat=0
split_feature=17 0 20 1 0 16 6
split_gain=0.0108372 0.000996843 0.00298074 1.95156e-16 8.67362e-19 8.67362e-19 4.33681e-19
threshold=1.0000000180025095e-35 54.000000000000007 1.0000000180025095e-35 13.500000000000002 86.500000000000014 4.0595000000000008 59.500000000000007
decision_type=2 2 2 2 2 2 2
left_child=1 2 -1 -3 6 -2 -5
right_child=5 3 -4 4 -6 -7 -8
leaf_value=-0.10000943940144441 -0.1000005472932269 0.10000058775202288 0.10000151493474979 0.10000054248534909 0.10000054393568458 -0.10000054729320661 0.10000053887325762
leaf_weight=0.0011479437271191273 0.0040236455311060135 0.0012169622227702348 0.0021232662411421188 0.001242059441665333 0.0018254745345984702 0.0022143552587294835 0.0010207637656094448
leaf_count=45 745 215 228 230 338 410 189
internal_value=0.000286886 0.0732298 0.029813 0.100001 0.100001 -0.100001 0.100001
internal_weight=0.0148145 0.00857647 0.00327121 0.00530526 0.0040883 0.006238 0.00226282
internal_count=2400 1245 273 972 757 1155 419
is_linear=0
shrinkage=0.1


Tree=115
num_leaves=7
num_cat=0
split_feature=17 0 20 1 1 1
split_gain=0.00980587 0.000901984 0.00269707 1.83013e-16 8.67362e-19 8.67362e-19
threshold=1.0000000180025095e-35 54.000000000000007 1.0000000180025095e-35 13.500000000000002 13.500000000000002 37.500000000000007
decision_type=2 2 2 2 2 2
left_child=1 2 -1 -3 -2 -5
right_child=4 3 -4 5 -6 -7
leaf_value=-0.10000854059385639 -0.1000004838817093 0.10000053228159145 0.1000013703393141 0.10000048728881437 -0.10000048388178227 0.10000048511146582
leaf_weight=0.0010387112852185965 0.0010555722910794429 0.0011011535434590769 0.00192121337113349 0.0012215839246891846 0.0045888073209425784 0.0024776627801657014
leaf_count=45 216 215 228 250 939 507
internal_value=0.000286891 0.0732297 0.0298129 0.1 -0.1 0.1
internal_weight=0.0134047 0.00776032 0.00295992 0.0048004 0.00564438 0.00369925
internal_count=2400 1245 273 972 1155 757
is_linear=0
shrinkage=0.1


Tree=116
num_leaves=7
num_cat=0
split_feature=17 0 16 6 0 16
split_gain=0.00887271 0.000816152 8.49043e-05 8.84709e-17 8.67362e-19 8.67362e-19
threshold=1.0000000180025095e-35 54.000000000000007 3.8780000000000006 53.500000000000007 35.500000000000007 4.7201500000000012
decision_type=2 2 2 2 2 2
left_child=1 2 -1 -3 -2 -5
right_child=4 3 -4 5 -6 -7
leaf_value=0.052742023580939323 -0.1000004422151891 0.10000047671345468 0.015987085680752907 0.10000044215659012 -0.10000044221517564 0.10000044517796483
leaf_weight=0.001007453742204234 0.0029803333418385591 0.00101478178794423 0.0016708062457837514 0.0022506133577735454 0.002126914447217132 0.0010781884252537566
leaf_count=197 674 220 76 509 481 243
internal_value=0.000286893 0.0732296 0.0298128 0.1 -0.1 0.1
internal_weight=0.0121291 0.00702184 0.00267826 0.00434358 0.00510725 0.0033288
internal_count=2400 1245 273 972 1155 752
is_linear=0
shrinkage=0.1


Tree=117
num_leaves=8
num_cat=0
split_feature=17 0 16 6 2 0 6
split_gain=0.00790785 0.000839073 9.67657e-06 6.33174e-17 1.30104e-18 8.67362e-19 4.33681e-19
threshold=1.0000000180025095e-35 54.000000000000007 4.0222000000000007 54.500000000000007 27.500000000000004 35.500000000000007 21.500000000000004
decision_type=2 2 2 2 2 2 2
left_child=1 2 -1 -3 -5 6 -2
right_child=5 3 -4 4 -6 -7 -8
leaf_value=0.02091596619196294 -0.10000039779786314 0.10000042841956816 0.033014114449690081 0.10000039815119605 0.10000040189695469 -0.10000039779787512 -0.10000039779783874
leaf_weight=0.0012787426339855301 0.0015644167738173564 0.0010621960523167218 0.0013688219496543752 0.0015444114546880883 0.0013236312065600941 0.0019245127064095868 0.00113230165470668
leaf_count=205 391 256 68 386 330 481 283
internal_value=0.000253335 0.0706865 0.0271709 0.1 0.1 -0.1 -0.1
internal_weight=0.011199 0.0065778 0.00264756 0.00393024 0.00286804 0.00462123 0.00269672
internal_count=2400 1245 273 972 716 1155 674
is_linear=0
shrinkage=0.1


Tree=118
num_leaves=7
num_cat=0
split_feature=17 0 16 1 0 1
split_gain=0.00703922 0.000858121 8.13673e-06 2.9924e-17 8.67362e-19 4.33681e-19
threshold=1.0000000180025095e-35 54.000000000000007 4.0222000000000007 14.500000000000002 34.500000000000007 41.500000000000007
decision_type=2 2 2 2 2 2
left_child=1 2 -1 -3 -2 -5
right_child=4 3 -4 5 -6 -7
leaf_value=0.01890742465511188 -0.10000036426859452 0.10000038292682854 0.030041238168084725 0.10000036354680596 -0.10000036426858505 0.10000036350838343
leaf_weight=0.0012734248202832532 0.0022952798894948501 0.0012139796556311921 0.0013546449099521851 0.0010859992264613538 0.0018861842625028657 0.0012562494032408722
leaf_count=205 634 325 68 300 521 347
internal_value=0.000216926 0.0679781 0.0246464 0.1 -0.1 0.1
internal_weight=0.0103658 0.0061843 0.00262807 0.00355623 0.00418146 0.00234225
internal_count=2400 1245 273 972 1155 647
is_linear=0
shrinkage=0.1


Tree=119
num_leaves=8
num_cat=0
split_feature=17 0 20 1 0 0 0
split_gain=0.0062617 0.000869863 0.00248213 2.68882e-17 4.33681e-19 4.33681e-19 4.33681e-19
threshold=1.0000000180025095e-35 54.000000000000007 1.0000000180025095e-35 14.500000000000002 37.500000000000007 27.500000000000004 86.500000000000014
decision_type=2 2 2 2 2 2 2
left_child=1 2 -1 -3 5 -2 -5
right_child=4 3 -4 6 -6 -7 -8
leaf_value=-0.10000816178034724 -0.10000032622770921 0.10000034638391958 0.1000011477980747 0.10000032728090479 -0.10000032622769311 -0.10000032622772659 0.10000032634203089
leaf_weight=0.0010144448287974228 0.0012185967743789661 0.0010984545961036929 0.0015976800341377384 0.0011038649906822684 0.0010187731097630603 0.0015461765524378279 0.0010154898866403528
leaf_count=45 372 325 228 337 311 472 310
internal_value=0.00018133 0.0651978 0.0223255 0.1 -0.1 -0.1 0.1
internal_weight=0.00961348 0.00582993 0.00261212 0.00321781 0.00378355 0.00276477 0.00211935
internal_count=2400 1245 273 972 1155 844 647
is_linear=0
shrinkage=0.1


end of trees

feature_importances:
Column_0=613
Column_16=257
Column_1=216
Column_2=131
Column_17=120
Column_5=103
Column_11=82
Column_6=40
Column_20=8
Column_7=4
Column_8=3
Column_3=1

parameters:
[boosting: gbdt]
[objective: binary]
[metric: binary_logloss]
[tree_learner: serial]
[device_type: cpu]
[data_sample_strategy: bagging]
[data: ]
[valid: ]
[num_iterations: 120]
[learning_rate: 0.1]
[num_leaves: 31]
[num_threads: 0]
[seed: 20260721]
[deterministic: 0]
[force_col_wise: 0]
[force_row_wise: 0]
[histogram_pool_size: -1]
[max_depth: -1]
[min_data_in_leaf: 20]
[min_sum_hessian_in_leaf: 0.001]
[bagging_fraction: 1]
[pos_bagging_fraction: 1]
[neg_bagging_fraction: 1]
[bagging_freq: 0]
[bagging_seed: 11591]
[bagging_by_query: 0]
[feature_fraction: 1]
[feature_fraction_bynode: 1]
[feature_fraction_seed: 24120]
[extra_trees: 0]
[extra_seed: 12737]
[early_stopping_round: 0]
[early_stopping_min_delta: 0]
[first_metric_only: 0]
[max_delta_step: 0]
[lambda_l1: 0]
[lambda_l2: 0]
[linear_lambda: 0]
[min_gain_to_split: 0]
[drop_rate: 0.1]
[max_drop: 50]
[skip_drop: 0.5]
[xgboost_dart_mode: 0]
[uniform_drop: 0]
[drop_seed: 6762]
[top_rate: 0.2]
[other_rate: 0.1]
[min_data_per_group: 100]
[max_cat_threshold: 32]
[cat_l2: 10]
[cat_smooth: 10]
[max_cat_to_onehot: 4]
[top_k: 20]
[monotone_constraints: ]
[monotone_constraints_method: basic]
[monotone_penalty: 0]
[feature_contri: ]
[forcedsplits_filename: ]
[refit_decay_rate: 0.9]
[cegb_tradeoff: 1]
[cegb_penalty_split: 0]
[cegb_penalty_feature_lazy: ]
[cegb_penalty_feature_coupled: ]
[path_smooth: 0]
[interaction_constraints: ]
[verbosity: -1]
[saved_feature_importance_type: 0]
[use_quantized_grad: 0]
[num_grad_quant_bins: 4]
[quant_train_renew_leaf: 0]
[stochastic_rounding: 1]
[linear_tree: 0]
[max_bin: 255]
[max_bin_by_feature: ]
[min_data_in_bin: 3]
[bin_construct_sample_cnt: 200000]
[data_random_seed: 4436]
[is_enable_sparse: 1]
[enable_bundle: 1]
[use_missing: 1]
[zero_as_missing: 0]
[feature_pre_filter: 0]
[pre_partition: 0]
[two_round: 0]
[header: 0]
[label_column: ]
[weight_column: ]
[group_column: ]
[ignore_column: ]
[categorical_feature: ]
[forcedbins_filename: ]
[precise_float_parser: 0]
[parser_config_file: ]
[objective_seed: 18074]
[num_class: 1]
[is_unbalance: 0]
[scale_pos_weight: 1]
[sigmoid: 1]
[boost_from_average: 1]
[reg_sqrt: 0]
[alpha: 0.9]
[fair_c: 1]
[poisson_max_delta_step: 0.7]
[tweedie_variance_power: 1.5]
[lambdarank_truncation_level: 30]
[lambdarank_norm: 1]
[label_gain: ]
[lambdarank_position_bias_regularization: 0]
[eval_at: ]
[multi_error_top_k: 1]
[auc_mu_weights: ]
[num_machines: 1]
[local_listen_port: 12400]
[time_out: 120]
[machine_list_filename: ]
[machines: ]
[gpu_platform_id: -1]
[gpu_device_id: -1]
[gpu_device_id_list: ]
[gpu_use_dp: 0]
[num_gpu: 1]

end of parameters

pandas_categorical:null
